Município,Código,Nome Município,Casos Total,Hepatite A,Hepatite B ,Hepatite C,Hepatite D,Hepatite A Total,Hepatite A 1999-2007,Hepatite A 2008,Hepatite A 2009,Hepatite A 2010,Hepatite A 2011,Hepatite A 2012,Hepatite A 2013,Hepatite A 2014,Hepatite A 2015,Hepatite A 2016,Hepatite A 2017,Hepatite A 2018,Hepatite A 2019,Hepatite A 2020,Tx Det Hep A 2008,Tx Det Hep A 2009,Tx Det Hep A 2010,Tx Det Hep A 2011,Tx Det Hep A 2012,Tx Det Hep A 2013,Tx Det Hep A 2014,Tx Det Hep A 2015,Tx Det Hep A 2016,Tx Det Hep A 2017,Tx Det Hep A 2018,Tx Det Hep A 2019,Tx Det Hep A 2020,Hep A M Total,Hep A M 1999-2007,Hep A M 2008,Hep A M 2009,Hep A M 2010,Hep A M 2011,Hep A M 2012,Hep A M 2013,Hep A M 2014,Hep A M 2015,Hep A M 2016,Hep A M 2017,Hep A M 2018,Hep A M 2019,Hep A M 2020,Tx Det M Hep A M 2008,Tx Det M Hep A M 2009,Tx Det M Hep A M 2010,Tx Det M Hep A M 2011,Tx Det M Hep A M 2012,Tx Det M Hep A M 2013,Tx Det M Hep A M 2014,Tx Det M Hep A M 2015,Tx Det M Hep A M 2016,Tx Det M Hep A M 2017,Tx Det M Hep A M 2018,Tx Det M Hep A M 2019,Tx Det M Hep A M 2020,Hep A F Total,Hep A F 1999-2007,Hep A F 2008,Hep A F 2009,Hep A F 2010,Hep A F 2011,Hep A F 2012,Hep A F 2013,Hep A F 2014,Hep A F 2015,Hep A F 2016,Hep A F 2017,Hep A F 2018,Hep A F 2019,Hep A F 2020,Tx Det F Hep A F 2008,Tx Det F Hep A F 2009,Tx Det F Hep A F 2010,Tx Det F Hep A F 2011,Tx Det F Hep A F 2012,Tx Det F Hep A F 2013,Tx Det F Hep A F 2014,Tx Det F Hep A F 2015,Tx Det F Hep A F 2016,Tx Det F Hep A F 2017,Tx Det F Hep A F 2018,Tx Det F Hep A F 2019,Tx Det F Hep A F 2020,Hepatite B Total,Hepatite B 1999-2007,Hepatite B 2008,Hepatite B 2009,Hepatite B 2010,Hepatite B 2011,Hepatite B 2012,Hepatite B 2013,Hepatite B 2014,Hepatite B 2015,Hepatite B 2016,Hepatite B 2017,Hepatite B 2018,Hepatite B 2019,Hepatite B 2020,Tx Det Hep B 2008,Tx Det Hep B 2009,Tx Det Hep B 2010,Tx Det Hep B 2011,Tx Det Hep B 2012,Tx Det Hep B 2013,Tx Det Hep B 2014,Tx Det Hep B 2015,Tx Det Hep B 2016,Tx Det Hep B 2017,Tx Det Hep B 2018,Tx Det Hep B 2019,Tx Det Hep B 2020,Hep B M Total,Hep B M 1999-2007,Hep B M 2008,Hep B M 2009,Hep B M 2010,Hep B M 2011,Hep B M 2012,Hep B M 2013,Hep B M 2014,Hep B M 2015,Hep B M 2016,Hep B M 2017,Hep B M 2018,Hep B M 2019,Hep B M 2020,Tx Det M Hep B M 2008,Tx Det M Hep B M 2009,Tx Det M Hep B M 2010,Tx Det M Hep B M 2011,Tx Det M Hep B M 2012,Tx Det M Hep B M 2013,Tx Det M Hep B M 2014,Tx Det M Hep B M 2015,Tx Det M Hep B M 2016,Tx Det M Hep B M 2017,Tx Det M Hep B M 2018,Tx Det M Hep B M 2019,Tx Det M Hep B M 2020,Hep B F Total,Hep B F 1999-2007,Hep B F 2008,Hep B F 2009,Hep B F 2010,Hep B F 2011,Hep B F 2012,Hep B F 2013,Hep B F 2014,Hep B F 2015,Hep B F 2016,Hep B F 2017,Hep B F 2018,Hep B F 2019,Hep B F 2020,Tx Det F Hep B F 2008,Tx Det F Hep B F 2009,Tx Det F Hep B F 2010,Tx Det F Hep B F 2011,Tx Det F Hep B F 2012,Tx Det F Hep B F 2013,Tx Det F Hep B F 2014,Tx Det F Hep B F 2015,Tx Det F Hep B F 2016,Tx Det F Hep B F 2017,Tx Det F Hep B F 2018,Tx Det F Hep B F 2019,Tx Det F Hep B F 2020
310020 Abaeté,310020,Abaeté,13,2,4,7,0,2,0,0,0,1,0,0,0,0,0,1,0,0,0,0,"0,0","0,0","4,4","0,0","0,0","0,0","0,0","0,0","4,3","0,0","0,0","0,0","0,0",0,0,0,0,0,0,0,0,0,0,0,0,0,0,0,"0,0","0,0","0,0","0,0","0,0","0,0","0,0","0,0","0,0","0,0","0,0","0,0","0,0",2,0,0,0,1,0,0,0,0,0,1,0,0,0,0,"0,0","0,0","8,7","0,0","0,0","0,0","0,0","0,0","8,6","0,0","0,0","0,0","0,0",4,0,0,1,2,0,0,0,0,1,0,0,0,0,0,"0,0","4,3","8,8","0,0","0,0","0,0","0,0","4,3","0,0","0,0","0,0","0,0","0,0",4,0,0,1,2,0,0,0,0,1,0,0,0,0,0,"0,0","8,7","17,8","0,0","0,0","0,0","0,0","8,7","0,0","0,0","0,0","0,0","0,0",0,0,0,0,0,0,0,0,0,0,0,0,0,0,0,"0,0","0,0","0,0","0,0","0,0","0,0","0,0","0,0","0,0","0,0","0,0","0,0","0,0"
310320 Araçaí,310320,Araçaí,7,2,4,1,0,2,2,0,0,0,0,0,0,0,0,0,0,0,0,0,"0,0","0,0","0,0","0,0","0,0","0,0","0,0","0,0","0,0","0,0","0,0","0,0","0,0",1,1,0,0,0,0,0,0,0,0,0,0,0,0,0,"0,0","0,0","0,0","0,0","0,0","0,0","0,0","0,0","0,0","0,0","0,0","0,0","0,0",1,1,0,0,0,0,0,0,0,0,0,0,0,0,0,"0,0","0,0","0,0","0,0","0,0","0,0","0,0","0,0","0,0","0,0","0,0","0,0","0,0",4,1,0,0,0,0,0,0,0,1,0,1,0,1,0,"0,0","0,0","0,0","0,0","0,0","0,0","0,0","43,1","0,0","42,8","0,0","42,6","0,0",3,0,0,0,0,0,0,0,0,1,0,1,0,1,0,"0,0","0,0","0,0","0,0","0,0","0,0","0,0","90,2","0,0","89,9","0,0","89,8","0,0",1,1,0,0,0,0,0,0,0,0,0,0,0,0,0,"0,0","0,0","0,0","0,0","0,0","0,0","0,0","0,0","0,0","0,0","0,0","0,0","0,0"
310390 Araújos,310390,Araújos,23,18,5,0,0,18,18,0,0,0,0,0,0,0,0,0,0,0,0,0,"0,0","0,0","0,0","0,0","0,0","0,0","0,0","0,0","0,0","0,0","0,0","0,0","0,0",10,10,0,0,0,0,0,0,0,0,0,0,0,0,0,"0,0","0,0","0,0","0,0","0,0","0,0","0,0","0,0","0,0","0,0","0,0","0,0","0,0",8,8,0,0,0,0,0,0,0,0,0,0,0,0,0,"0,0","0,0","0,0","0,0","0,0","0,0","0,0","0,0","0,0","0,0","0,0","0,0","0,0",5,1,0,2,0,1,0,0,0,1,0,0,0,0,0,"0,0","26,0","0,0","12,5","0,0","0,0","0,0","11,4","0,0","0,0","0,0","0,0","0,0",3,1,0,1,0,1,0,0,0,0,0,0,0,0,0,"0,0","25,1","0,0","24,5","0,0","0,0","0,0","0,0","0,0","0,0","0,0","0,0","0,0",2,0,0,1,0,0,0,0,0,1,0,0,0,0,0,"0,0","27,0","0,0","0,0","0,0","0,0","0,0","23,2","0,0","0,0","0,0","0,0","0,0"
310480 Augusto de Lima,310480,Augusto de Lima,5,2,1,2,0,2,0,0,0,0,2,0,0,0,0,0,0,0,0,0,"0,0","0,0","0,0","40,4","0,0","0,0","0,0","0,0","0,0","0,0","0,0","0,0","0,0",1,0,0,0,0,1,0,0,0,0,0,0,0,0,0,"0,0","0,0","0,0","39,7","0,0","0,0","0,0","0,0","0,0","0,0","0,0","0,0","0,0",1,0,0,0,0,1,0,0,0,0,0,0,0,0,0,"0,0","0,0","0,0","41,2","0,0","0,0","0,0","0,0","0,0","0,0","0,0","0,0","0,0",1,1,0,0,0,0,0,0,0,0,0,0,0,0,0,"0,0","0,0","0,0","0,0","0,0","0,0","0,0","0,0","0,0","0,0","0,0","0,0","0,0",0,0,0,0,0,0,0,0,0,0,0,0,0,0,0,"0,0","0,0","0,0","0,0","0,0","0,0","0,0","0,0","0,0","0,0","0,0","0,0","0,0",1,1,0,0,0,0,0,0,0,0,0,0,0,0,0,"0,0","0,0","0,0","0,0","0,0","0,0","0,0","0,0","0,0","0,0","0,0","0,0","0,0"
310500 Baldim,310500,Baldim,2,1,1,0,0,1,0,0,0,0,0,0,0,0,0,0,0,0,1,0,"0,0","0,0","0,0","0,0","0,0","0,0","0,0","0,0","0,0","0,0","0,0","12,8","0,0",0,0,0,0,0,0,0,0,0,0,0,0,0,0,0,"0,0","0,0","0,0","0,0","0,0","0,0","0,0","0,0","0,0","0,0","0,0","0,0","0,0",1,0,0,0,0,0,0,0,0,0,0,0,0,1,0,"0,0","0,0","0,0","0,0","0,0","0,0","0,0","0,0","0,0","0,0","0,0","25,4","0,0",1,0,0,0,0,0,0,0,0,0,0,0,0,1,0,"0,0","0,0","0,0","0,0","0,0","0,0","0,0","0,0","0,0","0,0","0,0","12,8","0,0",1,0,0,0,0,0,0,0,0,0,0,0,0,1,0,"0,0","0,0","0,0","0,0","0,0","0,0","0,0","0,0","0,0","0,0","0,0","25,8","0,0",0,0,0,0,0,0,0,0,0,0,0,0,0,0,0,"0,0","0,0","0,0","0,0","0,0","0,0","0,0","0,0","0,0","0,0","0,0","0,0","0,0"
310620 Belo Horizonte,310620,Belo Horizonte,6733,796,2836,3087,14,796,450,83,43,29,36,30,24,37,12,14,17,7,8,6,"3,4","1,8","1,2","1,5","1,3","1,0","1,5","0,5","0,6","0,7","0,3","0,3","0,2",445,240,49,18,17,24,18,15,18,7,8,13,7,5,6,"4,3","1,6","1,5","2,1","1,6","1,3","1,6","0,6","0,7","1,1","0,6","0,4","0,5",351,210,34,25,12,12,12,9,19,5,6,4,0,3,0,"2,6","1,9","1,0","0,9","0,9","0,7","1,5","0,4","0,5","0,3","0,0","0,2","0,0",2836,800,158,154,146,167,133,161,206,286,195,170,136,86,38,"6,5","6,3","6,1","7,0","5,6","6,6","8,4","11,6","7,9","6,8","5,4","3,4","1,5",1735,482,101,85,83,100,83,102,124,161,125,109,96,58,26,"8,8","7,4","7,5","8,9","7,4","8,9","10,8","13,9","10,8","9,3","8,2","4,9","2,2",1101,318,57,69,63,67,50,59,82,125,70,61,40,28,12,"4,4","5,3","5,0","5,3","3,9","4,5","6,3","9,5","5,3","4,6","3,0","2,1","0,9"
310640 Belo Vale,310640,Belo Vale,9,1,2,6,0,1,1,0,0,0,0,0,0,0,0,0,0,0,0,0,"0,0","0,0","0,0","0,0","0,0","0,0","0,0","0,0","0,0","0,0","0,0","0,0","0,0",0,0,0,0,0,0,0,0,0,0,0,0,0,0,0,"0,0","0,0","0,0","0,0","0,0","0,0","0,0","0,0","0,0","0,0","0,0","0,0","0,0",1,1,0,0,0,0,0,0,0,0,0,0,0,0,0,"0,0","0,0","0,0","0,0","0,0","0,0","0,0","0,0","0,0","0,0","0,0","0,0","0,0",2,0,1,0,0,0,0,0,0,0,0,0,1,0,0,"13,4","0,0","0,0","0,0","0,0","0,0","0,0","0,0","0,0","0,0","13,0","0,0","0,0",0,0,0,0,0,0,0,0,0,0,0,0,0,0,0,"0,0","0,0","0,0","0,0","0,0","0,0","0,0","0,0","0,0","0,0","0,0","0,0","0,0",2,0,1,0,0,0,0,0,0,0,0,0,1,0,0,"27,7","0,0","0,0","0,0","0,0","0,0","0,0","0,0","0,0","0,0","25,9","0,0","0,0"
310670 Betim,310670,Betim,1085,229,489,365,2,229,173,13,21,3,3,8,4,2,0,0,0,0,2,0,"3,0","4,8","0,8","0,8","2,1","1,0","0,5","0,0","0,0","0,0","0,0","0,5","0,0",125,93,7,14,2,2,4,1,1,0,0,0,0,1,0,"3,3","6,4","1,1","1,1","2,1","0,5","0,5","0,0","0,0","0,0","0,0","0,5","0,0",104,80,6,7,1,1,4,3,1,0,0,0,0,1,0,"2,8","3,2","0,5","0,5","2,0","1,5","0,5","0,0","0,0","0,0","0,0","0,4","0,0",489,122,33,27,23,25,38,21,26,22,32,37,40,32,11,"7,7","6,1","6,1","6,5","9,8","5,2","6,4","5,3","7,6","8,7","9,2","7,3","2,5",269,65,19,13,14,12,22,13,13,11,24,22,19,17,5,"8,9","5,9","7,5","6,3","11,5","6,5","6,5","5,4","11,6","10,5","8,9","7,9","2,3",220,57,14,14,9,13,16,8,13,11,8,15,21,15,6,"6,5","6,3","4,7","6,7","8,1","3,9","6,3","5,2","3,7","6,9","9,5","6,7","2,6"
310700 Biquinhas,310700,Biquinhas,4,3,1,0,0,3,0,0,0,0,0,0,1,1,1,0,0,0,0,0,"0,0","0,0","0,0","0,0","0,0","38,1","38,4","38,7","0,0","0,0","0,0","0,0","0,0",1,0,0,0,0,0,0,0,0,1,0,0,0,0,0,"0,0","0,0","0,0","0,0","0,0","0,0","0,0","77,1","0,0","0,0","0,0","0,0","0,0",2,0,0,0,0,0,0,1,1,0,0,0,0,0,0,"0,0","0,0","0,0","0,0","0,0","76,6","77,2","0,0","0,0","0,0","0,0","0,0","0,0",1,0,0,0,0,0,0,0,0,1,0,0,0,0,0,"0,0","0,0","0,0","0,0","0,0","0,0","0,0","38,7","0,0","0,0","0,0","0,0","0,0",1,0,0,0,0,0,0,0,0,1,0,0,0,0,0,"0,0","0,0","0,0","0,0","0,0","0,0","0,0","77,1","0,0","0,0","0,0","0,0","0,0",0,0,0,0,0,0,0,0,0,0,0,0,0,0,0,"0,0","0,0","0,0","0,0","0,0","0,0","0,0","0,0","0,0","0,0","0,0","0,0","0,0"
310740 Bom Despacho,310740,Bom Despacho,68,4,53,11,0,4,2,0,0,1,0,0,1,0,0,0,0,0,0,0,"0,0","0,0","2,2","0,0","0,0","2,1","0,0","0,0","0,0","0,0","0,0","0,0","0,0",3,1,0,0,1,0,0,1,0,0,0,0,0,0,0,"0,0","0,0","4,4","0,0","0,0","4,2","0,0","0,0","0,0","0,0","0,0","0,0","0,0",1,1,0,0,0,0,0,0,0,0,0,0,0,0,0,"0,0","0,0","0,0","0,0","0,0","0,0","0,0","0,0","0,0","0,0","0,0","0,0","0,0",53,18,8,6,6,2,1,1,1,2,2,3,1,1,1,"18,2","13,6","13,2","4,3","2,2","2,1","2,1","4,1","4,1","6,0","2,0","2,0","2,0",29,8,6,2,3,2,1,1,1,0,2,2,1,0,0,"27,7","9,1","13,3","8,8","4,3","4,2","4,2","0,0","8,2","8,1","4,0","0,0","0,0",24,10,2,4,3,0,0,0,0,2,0,1,0,1,1,"9,0","17,9","13,0","0,0","0,0","0,0","0,0","8,1","0,0","4,0","0,0","3,9","3,9"
310810 Bonfim,310810,Bonfim,0,0,0,0,0,0,0,0,0,0,0,0,0,0,0,0,0,0,0,0,"0,0","0,0","0,0","0,0","0,0","0,0","0,0","0,0","0,0","0,0","0,0","0,0","0,0",0,0,0,0,0,0,0,0,0,0,0,0,0,0,0,"0,0","0,0","0,0","0,0","0,0","0,0","0,0","0,0","0,0","0,0","0,0","0,0","0,0",0,0,0,0,0,0,0,0,0,0,0,0,0,0,0,"0,0","0,0","0,0","0,0","0,0","0,0","0,0","0,0","0,0","0,0","0,0","0,0","0,0",0,0,0,0,0,0,0,0,0,0,0,0,0,0,0,"0,0","0,0","0,0","0,0","0,0","0,0","0,0","0,0","0,0","0,0","0,0","0,0","0,0",0,0,0,0,0,0,0,0,0,0,0,0,0,0,0,"0,0","0,0","0,0","0,0","0,0","0,0","0,0","0,0","0,0","0,0","0,0","0,0","0,0",0,0,0,0,0,0,0,0,0,0,0,0,0,0,0,"0,0","0,0","0,0","0,0","0,0","0,0","0,0","0,0","0,0","0,0","0,0","0,0","0,0"
310900 Brumadinho,310900,Brumadinho,107,31,51,24,1,31,26,1,0,1,0,0,0,0,0,0,1,0,1,1,"3,0","0,0","2,9","0,0","0,0","0,0","0,0","0,0","0,0","2,6","0,0","2,5","2,5",16,13,0,0,1,0,0,0,0,0,0,1,0,1,0,"0,0","0,0","5,9","0,0","0,0","0,0","0,0","0,0","0,0","5,1","0,0","5,0","0,0",15,13,1,0,0,0,0,0,0,0,0,0,0,0,1,"6,0","0,0","0,0","0,0","0,0","0,0","0,0","0,0","0,0","0,0","0,0","0,0","4,9",51,14,4,3,6,0,3,0,3,0,6,4,4,3,1,"11,9","8,7","17,7","0,0","8,6","0,0","8,1","0,0","15,7","10,3","10,1","7,5","2,5",29,4,2,2,3,0,2,0,3,0,4,4,3,1,1,"11,8","11,5","17,6","0,0","11,4","0,0","16,1","0,0","20,8","20,4","15,1","5,0","4,9",22,10,2,1,3,0,1,0,0,0,2,0,1,2,0,"12,0","5,9","17,7","0,0","5,7","0,0","0,0","0,0","10,5","0,0","5,1","10,0","0,0"
310960 Cachoeira da Prata,310960,Cachoeira da Prata,7,2,0,5,0,2,2,0,0,0,0,0,0,0,0,0,0,0,0,0,"0,0","0,0","0,0","0,0","0,0","0,0","0,0","0,0","0,0","0,0","0,0","0,0","0,0",1,1,0,0,0,0,0,0,0,0,0,0,0,0,0,"0,0","0,0","0,0","0,0","0,0","0,0","0,0","0,0","0,0","0,0","0,0","0,0","0,0",1,1,0,0,0,0,0,0,0,0,0,0,0,0,0,"0,0","0,0","0,0","0,0","0,0","0,0","0,0","0,0","0,0","0,0","0,0","0,0","0,0",0,0,0,0,0,0,0,0,0,0,0,0,0,0,0,"0,0","0,0","0,0","0,0","0,0","0,0","0,0","0,0","0,0","0,0","0,0","0,0","0,0",0,0,0,0,0,0,0,0,0,0,0,0,0,0,0,"0,0","0,0","0,0","0,0","0,0","0,0","0,0","0,0","0,0","0,0","0,0","0,0","0,0",0,0,0,0,0,0,0,0,0,0,0,0,0,0,0,"0,0","0,0","0,0","0,0","0,0","0,0","0,0","0,0","0,0","0,0","0,0","0,0","0,0"
310990 Caetanópolis,310990,Caetanópolis,6,3,0,3,0,3,3,0,0,0,0,0,0,0,0,0,0,0,0,0,"0,0","0,0","0,0","0,0","0,0","0,0","0,0","0,0","0,0","0,0","0,0","0,0","0,0",3,3,0,0,0,0,0,0,0,0,0,0,0,0,0,"0,0","0,0","0,0","0,0","0,0","0,0","0,0","0,0","0,0","0,0","0,0","0,0","0,0",0,0,0,0,0,0,0,0,0,0,0,0,0,0,0,"0,0","0,0","0,0","0,0","0,0","0,0","0,0","0,0","0,0","0,0","0,0","0,0","0,0",0,0,0,0,0,0,0,0,0,0,0,0,0,0,0,"0,0","0,0","0,0","0,0","0,0","0,0","0,0","0,0","0,0","0,0","0,0","0,0","0,0",0,0,0,0,0,0,0,0,0,0,0,0,0,0,0,"0,0","0,0","0,0","0,0","0,0","0,0","0,0","0,0","0,0","0,0","0,0","0,0","0,0",0,0,0,0,0,0,0,0,0,0,0,0,0,0,0,"0,0","0,0","0,0","0,0","0,0","0,0","0,0","0,0","0,0","0,0","0,0","0,0","0,0"
311250 Capim Branco,311250,Capim Branco,7,1,4,2,0,1,1,0,0,0,0,0,0,0,0,0,0,0,0,0,"0,0","0,0","0,0","0,0","0,0","0,0","0,0","0,0","0,0","0,0","0,0","0,0","0,0",1,1,0,0,0,0,0,0,0,0,0,0,0,0,0,"0,0","0,0","0,0","0,0","0,0","0,0","0,0","0,0","0,0","0,0","0,0","0,0","0,0",0,0,0,0,0,0,0,0,0,0,0,0,0,0,0,"0,0","0,0","0,0","0,0","0,0","0,0","0,0","0,0","0,0","0,0","0,0","0,0","0,0",4,0,0,0,0,0,1,0,0,1,0,0,1,1,0,"0,0","0,0","0,0","0,0","11,1","0,0","0,0","10,6","0,0","0,0","10,3","10,3","0,0",4,0,0,0,0,0,1,0,0,1,0,0,1,1,0,"0,0","0,0","0,0","0,0","22,3","0,0","0,0","21,4","0,0","0,0","21,0","20,8","0,0",0,0,0,0,0,0,0,0,0,0,0,0,0,0,0,"0,0","0,0","0,0","0,0","0,0","0,0","0,0","0,0","0,0","0,0","0,0","0,0","0,0"
311420 Carmo do Cajuru,311420,Carmo do Cajuru,26,1,17,8,0,1,1,0,0,0,0,0,0,0,0,0,0,0,0,0,"0,0","0,0","0,0","0,0","0,0","0,0","0,0","0,0","0,0","0,0","0,0","0,0","0,0",1,1,0,0,0,0,0,0,0,0,0,0,0,0,0,"0,0","0,0","0,0","0,0","0,0","0,0","0,0","0,0","0,0","0,0","0,0","0,0","0,0",0,0,0,0,0,0,0,0,0,0,0,0,0,0,0,"0,0","0,0","0,0","0,0","0,0","0,0","0,0","0,0","0,0","0,0","0,0","0,0","0,0",17,9,0,1,0,0,0,0,0,0,1,2,2,1,1,"0,0","5,0","0,0","0,0","0,0","0,0","0,0","0,0","4,6","9,1","9,0","4,4","4,4",9,5,0,1,0,0,0,0,0,0,1,0,1,0,1,"0,0","10,0","0,0","0,0","0,0","0,0","0,0","0,0","9,2","0,0","9,0","0,0","8,8",8,4,0,0,0,0,0,0,0,0,0,2,1,1,0,"0,0","0,0","0,0","0,0","0,0","0,0","0,0","0,0","0,0","18,2","9,0","8,9","0,0"
311560 Cedro do Abaeté,311560,Cedro do Abaeté,1,0,1,0,0,0,0,0,0,0,0,0,0,0,0,0,0,0,0,0,"0,0","0,0","0,0","0,0","0,0","0,0","0,0","0,0","0,0","0,0","0,0","0,0","0,0",0,0,0,0,0,0,0,0,0,0,0,0,0,0,0,"0,0","0,0","0,0","0,0","0,0","0,0","0,0","0,0","0,0","0,0","0,0","0,0","0,0",0,0,0,0,0,0,0,0,0,0,0,0,0,0,0,"0,0","0,0","0,0","0,0","0,0","0,0","0,0","0,0","0,0","0,0","0,0","0,0","0,0",1,0,0,0,0,0,0,0,0,1,0,0,0,0,0,"0,0","0,0","0,0","0,0","0,0","0,0","0,0","83,8","0,0","0,0","0,0","0,0","0,0",0,0,0,0,0,0,0,0,0,0,0,0,0,0,0,"0,0","0,0","0,0","0,0","0,0","0,0","0,0","0,0","0,0","0,0","0,0","0,0","0,0",1,0,0,0,0,0,0,0,0,1,0,0,0,0,0,"0,0","0,0","0,0","0,0","0,0","0,0","0,0","173,0","0,0","0,0","0,0","0,0","0,0"
311750 Conceição do Mato Dentro,311750,Conceição do Mato Dentro,24,10,6,8,0,10,9,0,0,0,0,0,0,1,0,0,0,0,0,0,"0,0","0,0","0,0","0,0","0,0","0,0","5,6","0,0","0,0","0,0","0,0","0,0","0,0",6,5,0,0,0,0,0,0,1,0,0,0,0,0,0,"0,0","0,0","0,0","0,0","0,0","0,0","11,0","0,0","0,0","0,0","0,0","0,0","0,0",4,4,0,0,0,0,0,0,0,0,0,0,0,0,0,"0,0","0,0","0,0","0,0","0,0","0,0","0,0","0,0","0,0","0,0","0,0","0,0","0,0",6,1,0,0,1,0,0,1,0,0,0,1,2,0,0,"0,0","0,0","5,6","0,0","0,0","5,6","0,0","0,0","0,0","5,6","11,3","0,0","0,0",5,0,0,0,1,0,0,1,0,0,0,1,2,0,0,"0,0","0,0","11,1","0,0","0,0","11,0","0,0","0,0","0,0","11,1","22,3","0,0","0,0",1,1,0,0,0,0,0,0,0,0,0,0,0,0,0,"0,0","0,0","0,0","0,0","0,0","0,0","0,0","0,0","0,0","0,0","0,0","0,0","0,0"
311760 Conceição do Pará,311760,Conceição do Pará,10,1,4,5,0,1,1,0,0,0,0,0,0,0,0,0,0,0,0,0,"0,0","0,0","0,0","0,0","0,0","0,0","0,0","0,0","0,0","0,0","0,0","0,0","0,0",0,0,0,0,0,0,0,0,0,0,0,0,0,0,0,"0,0","0,0","0,0","0,0","0,0","0,0","0,0","0,0","0,0","0,0","0,0","0,0","0,0",1,1,0,0,0,0,0,0,0,0,0,0,0,0,0,"0,0","0,0","0,0","0,0","0,0","0,0","0,0","0,0","0,0","0,0","0,0","0,0","0,0",4,1,0,0,0,1,0,0,0,0,1,0,1,0,0,"0,0","0,0","0,0","19,3","0,0","0,0","0,0","0,0","18,4","0,0","18,2","0,0","0,0",4,1,0,0,0,1,0,0,0,0,1,0,1,0,0,"0,0","0,0","0,0","37,5","0,0","0,0","0,0","0,0","36,0","0,0","35,6","0,0","0,0",0,0,0,0,0,0,0,0,0,0,0,0,0,0,0,"0,0","0,0","0,0","0,0","0,0","0,0","0,0","0,0","0,0","0,0","0,0","0,0","0,0"
311787 Confins,311787,Confins,7,2,1,4,0,2,1,0,0,0,0,0,0,0,0,0,0,1,0,0,"0,0","0,0","0,0","0,0","0,0","0,0","0,0","0,0","0,0","0,0","15,0","0,0","0,0",1,1,0,0,0,0,0,0,0,0,0,0,0,0,0,"0,0","0,0","0,0","0,0","0,0","0,0","0,0","0,0","0,0","0,0","0,0","0,0","0,0",1,0,0,0,0,0,0,0,0,0,0,0,1,0,0,"0,0","0,0","0,0","0,0","0,0","0,0","0,0","0,0","0,0","0,0","29,6","0,0","0,0",1,0,0,0,0,0,0,0,0,0,0,0,1,0,0,"0,0","0,0","0,0","0,0","0,0","0,0","0,0","0,0","0,0","0,0","15,0","0,0","0,0",1,0,0,0,0,0,0,0,0,0,0,0,1,0,0,"0,0","0,0","0,0","0,0","0,0","0,0","0,0","0,0","0,0","0,0","30,6","0,0","0,0",0,0,0,0,0,0,0,0,0,0,0,0,0,0,0,"0,0","0,0","0,0","0,0","0,0","0,0","0,0","0,0","0,0","0,0","0,0","0,0","0,0"
311800 Congonhas,311800,Congonhas,60,36,10,14,0,36,36,0,0,0,0,0,0,0,0,0,0,0,0,0,"0,0","0,0","0,0","0,0","0,0","0,0","0,0","0,0","0,0","0,0","0,0","0,0","0,0",15,15,0,0,0,0,0,0,0,0,0,0,0,0,0,"0,0","0,0","0,0","0,0","0,0","0,0","0,0","0,0","0,0","0,0","0,0","0,0","0,0",21,21,0,0,0,0,0,0,0,0,0,0,0,0,0,"0,0","0,0","0,0","0,0","0,0","0,0","0,0","0,0","0,0","0,0","0,0","0,0","0,0",10,0,0,1,1,2,0,1,1,0,1,0,2,0,1,"0,0","2,1","2,1","4,1","0,0","2,0","1,9","0,0","1,9","0,0","3,7","0,0","1,8",6,0,0,1,1,2,0,0,0,0,0,0,1,0,1,"0,0","4,2","4,2","8,3","0,0","0,0","0,0","0,0","0,0","0,0","3,7","0,0","3,7",4,0,0,0,0,0,0,1,1,0,1,0,1,0,0,"0,0","0,0","0,0","0,0","0,0","3,8","3,8","0,0","3,7","0,0","3,6","0,0","0,0"
311810 Congonhas do Norte,311810,Congonhas do Norte,30,28,1,1,0,28,5,22,0,0,0,0,0,0,0,0,1,0,0,0,"415,2","0,0","0,0","0,0","0,0","0,0","0,0","0,0","0,0","19,8","0,0","0,0","0,0",13,3,10,0,0,0,0,0,0,0,0,0,0,0,0,"379,9","0,0","0,0","0,0","0,0","0,0","0,0","0,0","0,0","0,0","0,0","0,0","0,0",15,2,12,0,0,0,0,0,0,0,0,1,0,0,0,"449,9","0,0","0,0","0,0","0,0","0,0","0,0","0,0","0,0","40,1","0,0","0,0","0,0",1,0,0,0,0,0,0,0,0,0,0,0,0,0,1,"0,0","0,0","0,0","0,0","0,0","0,0","0,0","0,0","0,0","0,0","0,0","0,0","19,8",1,0,0,0,0,0,0,0,0,0,0,0,0,0,1,"0,0","0,0","0,0","0,0","0,0","0,0","0,0","0,0","0,0","0,0","0,0","0,0","39,1",0,0,0,0,0,0,0,0,0,0,0,0,0,0,0,"0,0","0,0","0,0","0,0","0,0","0,0","0,0","0,0","0,0","0,0","0,0","0,0","0,0"
311860 Contagem,311860,Contagem,1447,265,694,478,10,265,202,23,11,1,3,6,4,4,2,1,2,4,2,0,"3,7","1,8","0,2","0,5","1,0","0,6","0,6","0,3","0,2","0,3","0,6","0,3","0,0",146,109,12,6,0,3,4,2,2,2,0,2,3,1,0,"4,0","2,0","0,0","1,0","1,3","0,7","0,6","0,6","0,0","0,6","0,9","0,3","0,0",119,93,11,5,1,0,2,2,2,0,1,0,1,1,0,"3,5","1,6","0,3","0,0","0,6","0,6","0,6","0,0","0,3","0,0","0,3","0,3","0,0",694,316,31,36,30,29,32,24,33,45,30,26,28,19,15,"5,0","5,8","5,0","4,8","5,2","3,8","5,2","7,0","4,6","4,0","4,2","2,9","2,2",400,183,16,17,15,19,24,15,23,20,15,16,16,15,6,"5,3","5,6","5,1","6,4","8,1","4,9","7,4","6,4","4,8","5,1","5,0","4,7","1,9",294,133,15,19,15,10,8,9,10,25,15,10,12,4,9,"4,7","5,9","4,8","3,2","2,5","2,8","3,0","7,5","4,5","3,0","3,5","1,2","2,6"
311890 Cordisburgo,311890,Cordisburgo,9,8,0,1,0,8,8,0,0,0,0,0,0,0,0,0,0,0,0,0,"0,0","0,0","0,0","0,0","0,0","0,0","0,0","0,0","0,0","0,0","0,0","0,0","0,0",4,4,0,0,0,0,0,0,0,0,0,0,0,0,0,"0,0","0,0","0,0","0,0","0,0","0,0","0,0","0,0","0,0","0,0","0,0","0,0","0,0",4,4,0,0,0,0,0,0,0,0,0,0,0,0,0,"0,0","0,0","0,0","0,0","0,0","0,0","0,0","0,0","0,0","0,0","0,0","0,0","0,0",0,0,0,0,0,0,0,0,0,0,0,0,0,0,0,"0,0","0,0","0,0","0,0","0,0","0,0","0,0","0,0","0,0","0,0","0,0","0,0","0,0",0,0,0,0,0,0,0,0,0,0,0,0,0,0,0,"0,0","0,0","0,0","0,0","0,0","0,0","0,0","0,0","0,0","0,0","0,0","0,0","0,0",0,0,0,0,0,0,0,0,0,0,0,0,0,0,0,"0,0","0,0","0,0","0,0","0,0","0,0","0,0","0,0","0,0","0,0","0,0","0,0","0,0"
311910 Corinto,311910,Corinto,90,81,6,3,0,81,5,0,0,22,52,0,0,1,0,0,0,1,0,0,"0,0","0,0","92,0","217,9","0,0","0,0","4,2","0,0","0,0","0,0","4,2","0,0","0,0",41,2,0,0,12,26,0,0,0,0,0,0,1,0,0,"0,0","0,0","102,0","221,4","0,0","0,0","0,0","0,0","0,0","0,0","8,4","0,0","0,0",40,3,0,0,10,26,0,0,1,0,0,0,0,0,0,"0,0","0,0","82,3","214,5","0,0","0,0","8,2","0,0","0,0","0,0","0,0","0,0","0,0",6,1,0,1,2,0,0,0,2,0,0,0,0,0,0,"0,0","4,3","8,4","0,0","0,0","0,0","8,3","0,0","0,0","0,0","0,0","0,0","0,0",3,0,0,1,1,0,0,0,1,0,0,0,0,0,0,"0,0","8,9","8,5","0,0","0,0","0,0","8,4","0,0","0,0","0,0","0,0","0,0","0,0",3,1,0,0,1,0,0,0,1,0,0,0,0,0,0,"0,0","0,0","8,2","0,0","0,0","0,0","8,2","0,0","0,0","0,0","0,0","0,0","0,0"
312060 Crucilândia,312060,Crucilândia,2,1,1,0,0,1,1,0,0,0,0,0,0,0,0,0,0,0,0,0,"0,0","0,0","0,0","0,0","0,0","0,0","0,0","0,0","0,0","0,0","0,0","0,0","0,0",1,1,0,0,0,0,0,0,0,0,0,0,0,0,0,"0,0","0,0","0,0","0,0","0,0","0,0","0,0","0,0","0,0","0,0","0,0","0,0","0,0",0,0,0,0,0,0,0,0,0,0,0,0,0,0,0,"0,0","0,0","0,0","0,0","0,0","0,0","0,0","0,0","0,0","0,0","0,0","0,0","0,0",1,0,0,0,1,0,0,0,0,0,0,0,0,0,0,"0,0","0,0","21,0","0,0","0,0","0,0","0,0","0,0","0,0","0,0","0,0","0,0","0,0",0,0,0,0,0,0,0,0,0,0,0,0,0,0,0,"0,0","0,0","0,0","0,0","0,0","0,0","0,0","0,0","0,0","0,0","0,0","0,0","0,0",1,0,0,0,1,0,0,0,0,0,0,0,0,0,0,"0,0","0,0","43,0","0,0","0,0","0,0","0,0","0,0","0,0","0,0","0,0","0,0","0,0"
312090 Curvelo,312090,Curvelo,171,95,50,26,0,95,91,1,0,1,1,0,0,0,0,0,0,1,0,0,"1,3","0,0","1,3","1,3","0,0","0,0","0,0","0,0","0,0","0,0","1,3","0,0","0,0",53,49,1,0,1,1,0,0,0,0,0,0,1,0,0,"2,7","0,0","2,8","2,7","0,0","0,0","0,0","0,0","0,0","0,0","2,6","0,0","0,0",42,42,0,0,0,0,0,0,0,0,0,0,0,0,0,"0,0","0,0","0,0","0,0","0,0","0,0","0,0","0,0","0,0","0,0","0,0","0,0","0,0",50,11,4,2,5,1,4,4,3,3,2,1,5,3,2,"5,4","2,7","6,7","1,3","5,3","5,2","3,9","3,8","2,5","1,3","6,3","3,7","2,5",24,7,1,0,2,0,1,2,2,2,2,0,1,3,1,"2,7","0,0","5,5","0,0","2,7","5,3","5,3","5,3","5,2","0,0","2,6","7,7","2,5",26,4,3,2,3,1,3,2,1,1,0,1,4,0,1,"7,9","5,2","7,9","2,6","7,8","5,1","2,5","2,5","0,0","2,5","9,8","0,0","2,4"
312320 Dores do Indaiá,312320,Dores do Indaiá,3,1,1,1,0,1,0,0,0,0,1,0,0,0,0,0,0,0,0,0,"0,0","0,0","0,0","7,3","0,0","0,0","0,0","0,0","0,0","0,0","0,0","0,0","0,0",0,0,0,0,0,0,0,0,0,0,0,0,0,0,0,"0,0","0,0","0,0","0,0","0,0","0,0","0,0","0,0","0,0","0,0","0,0","0,0","0,0",1,0,0,0,0,1,0,0,0,0,0,0,0,0,0,"0,0","0,0","0,0","14,2","0,0","0,0","0,0","0,0","0,0","0,0","0,0","0,0","0,0",1,1,0,0,0,0,0,0,0,0,0,0,0,0,0,"0,0","0,0","0,0","0,0","0,0","0,0","0,0","0,0","0,0","0,0","0,0","0,0","0,0",0,0,0,0,0,0,0,0,0,0,0,0,0,0,0,"0,0","0,0","0,0","0,0","0,0","0,0","0,0","0,0","0,0","0,0","0,0","0,0","0,0",1,1,0,0,0,0,0,0,0,0,0,0,0,0,0,"0,0","0,0","0,0","0,0","0,0","0,0","0,0","0,0","0,0","0,0","0,0","0,0","0,0"
312410 Esmeraldas,312410,Esmeraldas,93,30,42,21,0,30,22,1,0,0,0,1,2,0,0,2,0,1,0,1,"1,7","0,0","0,0","0,0","1,6","3,1","0,0","0,0","2,9","0,0","1,4","0,0","1,4",17,13,1,0,0,0,0,1,0,0,2,0,0,0,0,"3,4","0,0","0,0","0,0","0,0","3,1","0,0","0,0","5,9","0,0","0,0","0,0","0,0",13,9,0,0,0,0,1,1,0,0,0,0,1,0,1,"0,0","0,0","0,0","0,0","3,2","3,1","0,0","0,0","0,0","0,0","2,9","0,0","2,8",42,15,0,0,3,1,3,2,0,6,6,2,2,2,0,"0,0","0,0","5,0","1,6","4,8","3,1","0,0","9,0","8,8","2,9","2,8","2,8","0,0",24,10,0,0,1,0,1,2,0,4,4,1,0,1,0,"0,0","0,0","3,3","0,0","3,2","6,2","0,0","11,9","11,7","2,9","0,0","2,8","0,0",18,5,0,0,2,1,2,0,0,2,2,1,2,1,0,"0,0","0,0","6,7","3,3","6,5","0,0","0,0","6,0","5,9","2,9","5,7","2,8","0,0"
312470 Estrela do Indaiá,312470,Estrela do Indaiá,3,0,1,1,1,0,0,0,0,0,0,0,0,0,0,0,0,0,0,0,"0,0","0,0","0,0","0,0","0,0","0,0","0,0","0,0","0,0","0,0","0,0","0,0","0,0",0,0,0,0,0,0,0,0,0,0,0,0,0,0,0,"0,0","0,0","0,0","0,0","0,0","0,0","0,0","0,0","0,0","0,0","0,0","0,0","0,0",0,0,0,0,0,0,0,0,0,0,0,0,0,0,0,"0,0","0,0","0,0","0,0","0,0","0,0","0,0","0,0","0,0","0,0","0,0","0,0","0,0",1,0,0,0,1,0,0,0,0,0,0,0,0,0,0,"0,0","0,0","28,4","0,0","0,0","0,0","0,0","0,0","0,0","0,0","0,0","0,0","0,0",1,0,0,0,1,0,0,0,0,0,0,0,0,0,0,"0,0","0,0","56,5","0,0","0,0","0,0","0,0","0,0","0,0","0,0","0,0","0,0","0,0",0,0,0,0,0,0,0,0,0,0,0,0,0,0,0,"0,0","0,0","0,0","0,0","0,0","0,0","0,0","0,0","0,0","0,0","0,0","0,0","0,0"
312570 Felixlândia,312570,Felixlândia,24,11,10,3,0,11,10,0,0,0,0,0,0,0,0,0,0,0,1,0,"0,0","0,0","0,0","0,0","0,0","0,0","0,0","0,0","0,0","0,0","0,0","6,5","0,0",6,6,0,0,0,0,0,0,0,0,0,0,0,0,0,"0,0","0,0","0,0","0,0","0,0","0,0","0,0","0,0","0,0","0,0","0,0","0,0","0,0",5,4,0,0,0,0,0,0,0,0,0,0,0,1,0,"0,0","0,0","0,0","0,0","0,0","0,0","0,0","0,0","0,0","0,0","0,0","13,1","0,0",10,2,1,0,2,0,0,0,0,0,0,2,2,1,0,"7,1","0,0","14,2","0,0","0,0","0,0","0,0","0,0","0,0","13,2","13,1","6,5","0,0",7,1,1,0,2,0,0,0,0,0,0,1,2,0,0,"14,0","0,0","28,4","0,0","0,0","0,0","0,0","0,0","0,0","13,2","26,2","0,0","0,0",3,1,0,0,0,0,0,0,0,0,0,1,0,1,0,"0,0","0,0","0,0","0,0","0,0","0,0","0,0","0,0","0,0","13,2","0,0","13,1","0,0"
312600 Florestal,312600,Florestal,10,3,2,5,0,3,3,0,0,0,0,0,0,0,0,0,0,0,0,0,"0,0","0,0","0,0","0,0","0,0","0,0","0,0","0,0","0,0","0,0","0,0","0,0","0,0",2,2,0,0,0,0,0,0,0,0,0,0,0,0,0,"0,0","0,0","0,0","0,0","0,0","0,0","0,0","0,0","0,0","0,0","0,0","0,0","0,0",1,1,0,0,0,0,0,0,0,0,0,0,0,0,0,"0,0","0,0","0,0","0,0","0,0","0,0","0,0","0,0","0,0","0,0","0,0","0,0","0,0",2,0,0,0,0,1,0,0,0,1,0,0,0,0,0,"0,0","0,0","0,0","15,0","0,0","0,0","0,0","14,0","0,0","0,0","0,0","0,0","0,0",2,0,0,0,0,1,0,0,0,1,0,0,0,0,0,"0,0","0,0","0,0","30,5","0,0","0,0","0,0","28,8","0,0","0,0","0,0","0,0","0,0",0,0,0,0,0,0,0,0,0,0,0,0,0,0,0,"0,0","0,0","0,0","0,0","0,0","0,0","0,0","0,0","0,0","0,0","0,0","0,0","0,0"
312640 Fortuna de Minas,312640,Fortuna de Minas,3,0,2,1,0,0,0,0,0,0,0,0,0,0,0,0,0,0,0,0,"0,0","0,0","0,0","0,0","0,0","0,0","0,0","0,0","0,0","0,0","0,0","0,0","0,0",0,0,0,0,0,0,0,0,0,0,0,0,0,0,0,"0,0","0,0","0,0","0,0","0,0","0,0","0,0","0,0","0,0","0,0","0,0","0,0","0,0",0,0,0,0,0,0,0,0,0,0,0,0,0,0,0,"0,0","0,0","0,0","0,0","0,0","0,0","0,0","0,0","0,0","0,0","0,0","0,0","0,0",2,0,0,0,0,1,0,0,0,0,0,1,0,0,0,"0,0","0,0","0,0","36,7","0,0","0,0","0,0","0,0","0,0","34,4","0,0","0,0","0,0",1,0,0,0,0,1,0,0,0,0,0,0,0,0,0,"0,0","0,0","0,0","71,3","0,0","0,0","0,0","0,0","0,0","0,0","0,0","0,0","0,0",1,0,0,0,0,0,0,0,0,0,0,1,0,0,0,"0,0","0,0","0,0","0,0","0,0","0,0","0,0","0,0","0,0","71,2","0,0","0,0","0,0"
312720 Funilândia,312720,Funilândia,0,0,0,0,0,0,0,0,0,0,0,0,0,0,0,0,0,0,0,0,"0,0","0,0","0,0","0,0","0,0","0,0","0,0","0,0","0,0","0,0","0,0","0,0","0,0",0,0,0,0,0,0,0,0,0,0,0,0,0,0,0,"0,0","0,0","0,0","0,0","0,0","0,0","0,0","0,0","0,0","0,0","0,0","0,0","0,0",0,0,0,0,0,0,0,0,0,0,0,0,0,0,0,"0,0","0,0","0,0","0,0","0,0","0,0","0,0","0,0","0,0","0,0","0,0","0,0","0,0",0,0,0,0,0,0,0,0,0,0,0,0,0,0,0,"0,0","0,0","0,0","0,0","0,0","0,0","0,0","0,0","0,0","0,0","0,0","0,0","0,0",0,0,0,0,0,0,0,0,0,0,0,0,0,0,0,"0,0","0,0","0,0","0,0","0,0","0,0","0,0","0,0","0,0","0,0","0,0","0,0","0,0",0,0,0,0,0,0,0,0,0,0,0,0,0,0,0,"0,0","0,0","0,0","0,0","0,0","0,0","0,0","0,0","0,0","0,0","0,0","0,0","0,0"
312760 Gouveia,312760,Gouveia,9,6,2,1,0,6,2,0,0,0,1,2,1,0,0,0,0,0,0,0,"0,0","0,0","0,0","8,6","17,1","8,4","0,0","0,0","0,0","0,0","0,0","0,0","0,0",2,0,0,0,0,1,1,0,0,0,0,0,0,0,0,"0,0","0,0","0,0","17,7","17,7","0,0","0,0","0,0","0,0","0,0","0,0","0,0","0,0",4,2,0,0,0,0,1,1,0,0,0,0,0,0,0,"0,0","0,0","0,0","0,0","16,6","16,4","0,0","0,0","0,0","0,0","0,0","0,0","0,0",2,1,0,0,0,0,0,0,0,0,0,0,0,1,0,"0,0","0,0","0,0","0,0","0,0","0,0","0,0","0,0","0,0","0,0","0,0","8,5","0,0",2,1,0,0,0,0,0,0,0,0,0,0,0,1,0,"0,0","0,0","0,0","0,0","0,0","0,0","0,0","0,0","0,0","0,0","0,0","17,5","0,0",0,0,0,0,0,0,0,0,0,0,0,0,0,0,0,"0,0","0,0","0,0","0,0","0,0","0,0","0,0","0,0","0,0","0,0","0,0","0,0","0,0"
312980 Ibirité,312980,Ibirité,493,137,247,106,3,137,117,10,1,0,5,0,1,1,0,0,0,1,1,0,"6,4","0,6","0,0","3,1","0,0","0,6","0,6","0,0","0,0","0,0","0,6","0,6","0,0",75,60,9,1,0,3,0,1,0,0,0,0,0,1,0,"11,7","1,3","0,0","3,8","0,0","1,2","0,0","0,0","0,0","0,0","0,0","1,1","0,0",62,57,1,0,0,2,0,0,1,0,0,0,1,0,0,"1,3","0,0","0,0","2,4","0,0","0,0","1,1","0,0","0,0","0,0","1,1","0,0","0,0",247,97,16,18,12,16,8,10,11,8,14,8,15,11,3,"10,3","11,4","7,5","9,9","4,9","5,9","6,4","4,6","8,0","4,5","8,4","6,1","1,6",127,46,11,9,5,8,3,7,3,5,9,5,8,7,1,"14,3","11,5","6,4","10,2","3,8","8,5","3,6","5,9","10,6","5,8","9,2","8,0","1,1",120,51,5,9,7,8,5,3,8,3,5,3,7,4,2,"6,4","11,3","8,6","9,7","6,0","3,5","9,2","3,4","5,6","3,3","7,6","4,3","2,1"
313010 Igarapé,313010,Igarapé,67,13,33,21,0,13,12,1,0,0,0,0,0,0,0,0,0,0,0,0,"3,0","0,0","0,0","0,0","0,0","0,0","0,0","0,0","0,0","0,0","0,0","0,0","0,0",4,3,1,0,0,0,0,0,0,0,0,0,0,0,0,"5,9","0,0","0,0","0,0","0,0","0,0","0,0","0,0","0,0","0,0","0,0","0,0","0,0",9,9,0,0,0,0,0,0,0,0,0,0,0,0,0,"0,0","0,0","0,0","0,0","0,0","0,0","0,0","0,0","0,0","0,0","0,0","0,0","0,0",33,8,0,12,4,1,0,1,1,1,2,1,1,1,0,"0,0","35,5","11,5","2,8","0,0","2,6","2,6","2,5","4,9","2,4","2,4","2,3","0,0",19,4,0,6,3,0,0,0,1,1,2,1,1,0,0,"0,0","34,7","17,1","0,0","0,0","0,0","5,1","5,0","9,8","4,8","4,7","0,0","0,0",14,4,0,6,1,1,0,1,0,0,0,0,0,1,0,"0,0","36,5","5,8","5,6","0,0","5,3","0,0","0,0","0,0","0,0","0,0","4,6","0,0"
313020 Igaratinga,313020,Igaratinga,8,1,3,4,0,1,0,0,0,0,0,0,0,1,0,0,0,0,0,0,"0,0","0,0","0,0","0,0","0,0","0,0","9,9","0,0","0,0","0,0","0,0","0,0","0,0",1,0,0,0,0,0,0,0,1,0,0,0,0,0,0,"0,0","0,0","0,0","0,0","0,0","0,0","19,2","0,0","0,0","0,0","0,0","0,0","0,0",0,0,0,0,0,0,0,0,0,0,0,0,0,0,0,"0,0","0,0","0,0","0,0","0,0","0,0","0,0","0,0","0,0","0,0","0,0","0,0","0,0",3,2,0,0,0,0,0,0,0,0,0,0,0,1,0,"0,0","0,0","0,0","0,0","0,0","0,0","0,0","0,0","0,0","0,0","0,0","9,2","0,0",3,2,0,0,0,0,0,0,0,0,0,0,0,1,0,"0,0","0,0","0,0","0,0","0,0","0,0","0,0","0,0","0,0","0,0","0,0","17,7","0,0",0,0,0,0,0,0,0,0,0,0,0,0,0,0,0,"0,0","0,0","0,0","0,0","0,0","0,0","0,0","0,0","0,0","0,0","0,0","0,0","0,0"
313100 Inhaúma,313100,Inhaúma,2,0,0,2,0,0,0,0,0,0,0,0,0,0,0,0,0,0,0,0,"0,0","0,0","0,0","0,0","0,0","0,0","0,0","0,0","0,0","0,0","0,0","0,0","0,0",0,0,0,0,0,0,0,0,0,0,0,0,0,0,0,"0,0","0,0","0,0","0,0","0,0","0,0","0,0","0,0","0,0","0,0","0,0","0,0","0,0",0,0,0,0,0,0,0,0,0,0,0,0,0,0,0,"0,0","0,0","0,0","0,0","0,0","0,0","0,0","0,0","0,0","0,0","0,0","0,0","0,0",0,0,0,0,0,0,0,0,0,0,0,0,0,0,0,"0,0","0,0","0,0","0,0","0,0","0,0","0,0","0,0","0,0","0,0","0,0","0,0","0,0",0,0,0,0,0,0,0,0,0,0,0,0,0,0,0,"0,0","0,0","0,0","0,0","0,0","0,0","0,0","0,0","0,0","0,0","0,0","0,0","0,0",0,0,0,0,0,0,0,0,0,0,0,0,0,0,0,"0,0","0,0","0,0","0,0","0,0","0,0","0,0","0,0","0,0","0,0","0,0","0,0","0,0"
313110 Inimutaba,313110,Inimutaba,3,3,0,0,0,3,2,0,0,0,0,0,0,0,0,0,1,0,0,0,"0,0","0,0","0,0","0,0","0,0","0,0","0,0","0,0","0,0","13,5","0,0","0,0","0,0",3,2,0,0,0,0,0,0,0,0,0,1,0,0,0,"0,0","0,0","0,0","0,0","0,0","0,0","0,0","0,0","0,0","27,3","0,0","0,0","0,0",0,0,0,0,0,0,0,0,0,0,0,0,0,0,0,"0,0","0,0","0,0","0,0","0,0","0,0","0,0","0,0","0,0","0,0","0,0","0,0","0,0",0,0,0,0,0,0,0,0,0,0,0,0,0,0,0,"0,0","0,0","0,0","0,0","0,0","0,0","0,0","0,0","0,0","0,0","0,0","0,0","0,0",0,0,0,0,0,0,0,0,0,0,0,0,0,0,0,"0,0","0,0","0,0","0,0","0,0","0,0","0,0","0,0","0,0","0,0","0,0","0,0","0,0",0,0,0,0,0,0,0,0,0,0,0,0,0,0,0,"0,0","0,0","0,0","0,0","0,0","0,0","0,0","0,0","0,0","0,0","0,0","0,0","0,0"
313190 Itabirito,313190,Itabirito,119,57,35,27,0,57,55,2,0,0,0,0,0,0,0,0,0,0,0,0,"4,6","0,0","0,0","0,0","0,0","0,0","0,0","0,0","0,0","0,0","0,0","0,0","0,0",33,32,1,0,0,0,0,0,0,0,0,0,0,0,0,"4,7","0,0","0,0","0,0","0,0","0,0","0,0","0,0","0,0","0,0","0,0","0,0","0,0",24,23,1,0,0,0,0,0,0,0,0,0,0,0,0,"4,5","0,0","0,0","0,0","0,0","0,0","0,0","0,0","0,0","0,0","0,0","0,0","0,0",35,5,4,10,2,1,0,1,3,2,1,2,3,1,0,"9,2","22,8","4,4","2,2","0,0","2,1","6,1","4,0","2,0","3,9","5,9","1,9","0,0",17,3,2,6,1,0,0,1,2,0,0,1,1,0,0,"9,4","27,9","4,5","0,0","0,0","4,2","8,3","0,0","0,0","4,0","4,0","0,0","0,0",18,2,2,4,1,1,0,0,1,2,1,1,2,1,0,"9,1","18,0","4,3","4,3","0,0","0,0","4,0","8,0","3,9","3,9","7,7","3,8","0,0"
313220 Itaguara,313220,Itaguara,10,2,4,4,0,2,1,0,0,0,0,0,0,0,0,1,0,0,0,0,"0,0","0,0","0,0","0,0","0,0","0,0","0,0","0,0","7,6","0,0","0,0","0,0","0,0",1,1,0,0,0,0,0,0,0,0,0,0,0,0,0,"0,0","0,0","0,0","0,0","0,0","0,0","0,0","0,0","0,0","0,0","0,0","0,0","0,0",1,0,0,0,0,0,0,0,0,0,1,0,0,0,0,"0,0","0,0","0,0","0,0","0,0","0,0","0,0","0,0","15,5","0,0","0,0","0,0","0,0",4,0,0,0,0,3,0,0,1,0,0,0,0,0,0,"0,0","0,0","0,0","24,1","0,0","0,0","7,7","0,0","0,0","0,0","0,0","0,0","0,0",2,0,0,0,0,2,0,0,0,0,0,0,0,0,0,"0,0","0,0","0,0","31,7","0,0","0,0","0,0","0,0","0,0","0,0","0,0","0,0","0,0",2,0,0,0,0,1,0,0,1,0,0,0,0,0,0,"0,0","0,0","0,0","16,3","0,0","0,0","15,7","0,0","0,0","0,0","0,0","0,0","0,0"
313370 Itatiaiuçu,313370,Itatiaiuçu,20,5,7,7,1,5,2,0,0,0,0,0,0,1,1,0,0,0,1,0,"0,0","0,0","0,0","0,0","0,0","0,0","9,5","9,3","0,0","0,0","0,0","9,0","0,0",3,1,0,0,0,0,0,0,1,0,0,0,0,1,0,"0,0","0,0","0,0","0,0","0,0","0,0","18,6","0,0","0,0","0,0","0,0","17,6","0,0",2,1,0,0,0,0,0,0,0,1,0,0,0,0,0,"0,0","0,0","0,0","0,0","0,0","0,0","0,0","19,1","0,0","0,0","0,0","0,0","0,0",7,0,0,1,2,0,0,0,0,1,1,0,0,1,1,"0,0","10,7","20,1","0,0","0,0","0,0","0,0","9,3","9,2","0,0","0,0","9,0","8,9",5,0,0,0,1,0,0,0,0,1,1,0,0,1,1,"0,0","0,0","19,8","0,0","0,0","0,0","0,0","18,3","18,1","0,0","0,0","17,6","17,4",2,0,0,1,1,0,0,0,0,0,0,0,0,0,0,"0,0","21,9","20,5","0,0","0,0","0,0","0,0","0,0","0,0","0,0","0,0","0,0","0,0"
313380 Itaúna,313380,Itaúna,160,13,52,94,1,13,3,1,1,0,0,0,0,0,1,1,4,2,0,0,"1,2","1,2","0,0","0,0","0,0","0,0","0,0","1,1","1,1","4,4","2,2","0,0","0,0",7,1,0,1,0,0,0,0,0,1,0,3,1,0,0,"0,0","2,4","0,0","0,0","0,0","0,0","0,0","2,2","0,0","6,6","2,2","0,0","0,0",6,2,1,0,0,0,0,0,0,0,1,1,1,0,0,"2,3","0,0","0,0","0,0","0,0","0,0","0,0","0,0","2,2","2,1","2,1","0,0","0,0",52,9,4,3,5,1,1,1,1,3,4,4,3,8,5,"4,7","3,5","5,9","1,2","1,2","1,1","1,1","3,3","4,4","4,4","3,2","8,6","5,3",29,4,2,2,2,0,1,0,1,1,3,2,3,4,4,"4,8","4,7","4,8","0,0","2,3","0,0","2,3","2,2","6,7","4,4","6,6","8,7","8,7",23,5,2,1,3,1,0,1,0,2,1,2,0,4,1,"4,7","2,3","6,9","2,3","0,0","2,2","0,0","4,4","2,2","4,3","0,0","8,4","2,1"
313460 Jaboticatubas,313460,Jaboticatubas,21,10,7,4,0,10,2,7,1,0,0,0,0,0,0,0,0,0,0,0,"43,1","6,1","0,0","0,0","0,0","0,0","0,0","0,0","0,0","0,0","0,0","0,0","0,0",6,0,5,1,0,0,0,0,0,0,0,0,0,0,0,"60,3","11,9","0,0","0,0","0,0","0,0","0,0","0,0","0,0","0,0","0,0","0,0","0,0",4,2,2,0,0,0,0,0,0,0,0,0,0,0,0,"25,2","0,0","0,0","0,0","0,0","0,0","0,0","0,0","0,0","0,0","0,0","0,0","0,0",7,2,0,0,0,1,2,0,0,1,0,1,0,0,0,"0,0","0,0","0,0","5,7","11,3","0,0","0,0","5,3","0,0","5,1","0,0","0,0","0,0",5,2,0,0,0,0,2,0,0,0,0,1,0,0,0,"0,0","0,0","0,0","0,0","22,3","0,0","0,0","0,0","0,0","10,0","0,0","0,0","0,0",2,0,0,0,0,1,0,0,0,1,0,0,0,0,0,"0,0","0,0","0,0","11,7","0,0","0,0","0,0","10,7","0,0","0,0","0,0","0,0","0,0"
313540 Jeceaba,313540,Jeceaba,9,2,2,5,0,2,0,0,0,0,0,0,0,1,1,0,0,0,0,0,"0,0","0,0","0,0","0,0","0,0","0,0","19,1","19,4","0,0","0,0","0,0","0,0","0,0",0,0,0,0,0,0,0,0,0,0,0,0,0,0,0,"0,0","0,0","0,0","0,0","0,0","0,0","0,0","0,0","0,0","0,0","0,0","0,0","0,0",2,0,0,0,0,0,0,0,1,1,0,0,0,0,0,"0,0","0,0","0,0","0,0","0,0","0,0","38,4","38,9","0,0","0,0","0,0","0,0","0,0",2,0,0,0,0,1,0,1,0,0,0,0,0,0,0,"0,0","0,0","0,0","18,7","0,0","18,9","0,0","0,0","0,0","0,0","0,0","0,0","0,0",1,0,0,0,0,1,0,0,0,0,0,0,0,0,0,"0,0","0,0","0,0","37,1","0,0","0,0","0,0","0,0","0,0","0,0","0,0","0,0","0,0",1,0,0,0,0,0,0,1,0,0,0,0,0,0,0,"0,0","0,0","0,0","0,0","0,0","38,0","0,0","0,0","0,0","0,0","0,0","0,0","0,0"
313570 Jequitibá,313570,Jequitibá,8,2,5,1,0,2,2,0,0,0,0,0,0,0,0,0,0,0,0,0,"0,0","0,0","0,0","0,0","0,0","0,0","0,0","0,0","0,0","0,0","0,0","0,0","0,0",1,1,0,0,0,0,0,0,0,0,0,0,0,0,0,"0,0","0,0","0,0","0,0","0,0","0,0","0,0","0,0","0,0","0,0","0,0","0,0","0,0",1,1,0,0,0,0,0,0,0,0,0,0,0,0,0,"0,0","0,0","0,0","0,0","0,0","0,0","0,0","0,0","0,0","0,0","0,0","0,0","0,0",5,0,2,0,0,0,0,1,1,0,0,0,1,0,0,"35,1","0,0","0,0","0,0","0,0","19,1","19,1","0,0","0,0","0,0","19,2","0,0","0,0",0,0,0,0,0,0,0,0,0,0,0,0,0,0,0,"0,0","0,0","0,0","0,0","0,0","0,0","0,0","0,0","0,0","0,0","0,0","0,0","0,0",5,0,2,0,0,0,0,1,1,0,0,0,1,0,0,"72,9","0,0","0,0","0,0","0,0","39,3","39,3","0,0","0,0","0,0","39,1","0,0","0,0"
313665 Juatuba,313665,Juatuba,37,3,19,15,0,3,2,0,0,0,0,0,0,0,1,0,0,0,0,0,"0,0","0,0","0,0","0,0","0,0","0,0","0,0","4,0","0,0","0,0","0,0","0,0","0,0",1,1,0,0,0,0,0,0,0,0,0,0,0,0,0,"0,0","0,0","0,0","0,0","0,0","0,0","0,0","0,0","0,0","0,0","0,0","0,0","0,0",2,1,0,0,0,0,0,0,0,1,0,0,0,0,0,"0,0","0,0","0,0","0,0","0,0","0,0","0,0","8,1","0,0","0,0","0,0","0,0","0,0",19,3,0,1,1,3,2,1,0,4,2,1,0,1,0,"0,0","4,8","4,5","13,2","8,7","4,1","0,0","16,0","7,8","3,8","0,0","3,7","0,0",7,1,0,0,1,0,1,0,0,1,2,0,0,1,0,"0,0","0,0","8,9","0,0","8,6","0,0","0,0","7,9","15,4","0,0","0,0","7,3","0,0",12,2,0,1,0,3,1,1,0,3,0,1,0,0,0,"0,0","9,4","0,0","26,8","8,8","8,4","0,0","24,3","0,0","7,8","0,0","0,0","0,0"
313760 Lagoa Santa,313760,Lagoa Santa,100,15,60,24,1,15,2,4,0,0,4,0,0,1,1,0,1,2,0,0,"8,5","0,0","0,0","7,5","0,0","0,0","1,7","1,7","0,0","1,6","3,2","0,0","0,0",10,2,2,0,0,3,0,0,0,1,0,0,2,0,0,"8,6","0,0","0,0","11,4","0,0","0,0","0,0","3,4","0,0","0,0","6,4","0,0","0,0",5,0,2,0,0,1,0,0,1,0,0,1,0,0,0,"8,3","0,0","0,0","3,7","0,0","0,0","3,4","0,0","0,0","3,2","0,0","0,0","0,0",60,14,2,0,2,2,1,4,6,3,7,6,7,5,1,"4,2","0,0","3,8","3,7","1,8","7,0","10,3","5,0","11,5","9,7","11,0","7,7","1,5",37,8,1,0,2,2,1,2,3,1,5,3,6,2,1,"4,3","0,0","7,8","7,6","3,7","7,1","10,5","3,4","16,7","9,8","19,3","6,3","3,1",23,6,1,0,0,0,0,2,3,2,2,3,1,3,0,"4,2","0,0","0,0","0,0","0,0","6,9","10,1","6,6","6,4","9,5","3,1","9,1","0,0"
313810 Lassance,313810,Lassance,1,0,1,0,0,0,0,0,0,0,0,0,0,0,0,0,0,0,0,0,"0,0","0,0","0,0","0,0","0,0","0,0","0,0","0,0","0,0","0,0","0,0","0,0","0,0",0,0,0,0,0,0,0,0,0,0,0,0,0,0,0,"0,0","0,0","0,0","0,0","0,0","0,0","0,0","0,0","0,0","0,0","0,0","0,0","0,0",0,0,0,0,0,0,0,0,0,0,0,0,0,0,0,"0,0","0,0","0,0","0,0","0,0","0,0","0,0","0,0","0,0","0,0","0,0","0,0","0,0",1,0,0,0,0,0,0,0,0,0,0,0,1,0,0,"0,0","0,0","0,0","0,0","0,0","0,0","0,0","0,0","0,0","0,0","15,3","0,0","0,0",1,0,0,0,0,0,0,0,0,0,0,0,1,0,0,"0,0","0,0","0,0","0,0","0,0","0,0","0,0","0,0","0,0","0,0","30,3","0,0","0,0",0,0,0,0,0,0,0,0,0,0,0,0,0,0,0,"0,0","0,0","0,0","0,0","0,0","0,0","0,0","0,0","0,0","0,0","0,0","0,0","0,0"
313830 Leandro Ferreira,313830,Leandro Ferreira,3,0,3,0,0,0,0,0,0,0,0,0,0,0,0,0,0,0,0,0,"0,0","0,0","0,0","0,0","0,0","0,0","0,0","0,0","0,0","0,0","0,0","0,0","0,0",0,0,0,0,0,0,0,0,0,0,0,0,0,0,0,"0,0","0,0","0,0","0,0","0,0","0,0","0,0","0,0","0,0","0,0","0,0","0,0","0,0",0,0,0,0,0,0,0,0,0,0,0,0,0,0,0,"0,0","0,0","0,0","0,0","0,0","0,0","0,0","0,0","0,0","0,0","0,0","0,0","0,0",3,2,1,0,0,0,0,0,0,0,0,0,0,0,0,"33,2","0,0","0,0","0,0","0,0","0,0","0,0","0,0","0,0","0,0","0,0","0,0","0,0",1,0,1,0,0,0,0,0,0,0,0,0,0,0,0,"62,5","0,0","0,0","0,0","0,0","0,0","0,0","0,0","0,0","0,0","0,0","0,0","0,0",2,2,0,0,0,0,0,0,0,0,0,0,0,0,0,"0,0","0,0","0,0","0,0","0,0","0,0","0,0","0,0","0,0","0,0","0,0","0,0","0,0"
313880 Luz,313880,Luz,20,9,6,5,0,9,7,1,1,0,0,0,0,0,0,0,0,0,0,0,"5,6","5,6","0,0","0,0","0,0","0,0","0,0","0,0","0,0","0,0","0,0","0,0","0,0",5,4,1,0,0,0,0,0,0,0,0,0,0,0,0,"11,3","0,0","0,0","0,0","0,0","0,0","0,0","0,0","0,0","0,0","0,0","0,0","0,0",4,3,0,1,0,0,0,0,0,0,0,0,0,0,0,"0,0","11,2","0,0","0,0","0,0","0,0","0,0","0,0","0,0","0,0","0,0","0,0","0,0",6,3,0,0,0,0,1,0,1,0,0,0,0,1,0,"0,0","0,0","0,0","0,0","5,7","0,0","5,6","0,0","0,0","0,0","0,0","5,5","0,0",3,2,0,0,0,0,0,0,1,0,0,0,0,0,0,"0,0","0,0","0,0","0,0","0,0","0,0","11,1","0,0","0,0","0,0","0,0","0,0","0,0",3,1,0,0,0,0,1,0,0,0,0,0,0,1,0,"0,0","0,0","0,0","0,0","11,3","0,0","0,0","0,0","0,0","0,0","0,0","11,0","0,0"
313970 Maravilhas,313970,Maravilhas,4,0,3,1,0,0,0,0,0,0,0,0,0,0,0,0,0,0,0,0,"0,0","0,0","0,0","0,0","0,0","0,0","0,0","0,0","0,0","0,0","0,0","0,0","0,0",0,0,0,0,0,0,0,0,0,0,0,0,0,0,0,"0,0","0,0","0,0","0,0","0,0","0,0","0,0","0,0","0,0","0,0","0,0","0,0","0,0",0,0,0,0,0,0,0,0,0,0,0,0,0,0,0,"0,0","0,0","0,0","0,0","0,0","0,0","0,0","0,0","0,0","0,0","0,0","0,0","0,0",3,0,0,0,1,0,1,0,0,0,0,0,0,1,0,"0,0","0,0","14,0","0,0","13,7","0,0","0,0","0,0","0,0","0,0","0,0","12,5","0,0",0,0,0,0,0,0,0,0,0,0,0,0,0,0,0,"0,0","0,0","0,0","0,0","0,0","0,0","0,0","0,0","0,0","0,0","0,0","0,0","0,0",3,0,0,0,1,0,1,0,0,0,0,0,0,1,0,"0,0","0,0","28,3","0,0","27,8","0,0","0,0","0,0","0,0","0,0","0,0","25,6","0,0"
314015 Mário Campos,314015,Mário Campos,17,3,10,4,0,3,3,0,0,0,0,0,0,0,0,0,0,0,0,0,"0,0","0,0","0,0","0,0","0,0","0,0","0,0","0,0","0,0","0,0","0,0","0,0","0,0",1,1,0,0,0,0,0,0,0,0,0,0,0,0,0,"0,0","0,0","0,0","0,0","0,0","0,0","0,0","0,0","0,0","0,0","0,0","0,0","0,0",2,2,0,0,0,0,0,0,0,0,0,0,0,0,0,"0,0","0,0","0,0","0,0","0,0","0,0","0,0","0,0","0,0","0,0","0,0","0,0","0,0",10,2,0,0,0,2,2,0,0,1,0,1,2,0,0,"0,0","0,0","0,0","14,9","14,7","0,0","0,0","6,9","0,0","6,7","13,2","0,0","0,0",2,1,0,0,0,0,0,0,0,1,0,0,0,0,0,"0,0","0,0","0,0","0,0","0,0","0,0","0,0","13,7","0,0","0,0","0,0","0,0","0,0",8,1,0,0,0,2,2,0,0,0,0,1,2,0,0,"0,0","0,0","0,0","30,1","29,6","0,0","0,0","0,0","0,0","13,4","26,4","0,0","0,0"
314050 Martinho Campos,314050,Martinho Campos,15,1,11,3,0,1,0,0,0,0,1,0,0,0,0,0,0,0,0,0,"0,0","0,0","0,0","7,9","0,0","0,0","0,0","0,0","0,0","0,0","0,0","0,0","0,0",0,0,0,0,0,0,0,0,0,0,0,0,0,0,0,"0,0","0,0","0,0","0,0","0,0","0,0","0,0","0,0","0,0","0,0","0,0","0,0","0,0",1,0,0,0,0,1,0,0,0,0,0,0,0,0,0,"0,0","0,0","0,0","15,9","0,0","0,0","0,0","0,0","0,0","0,0","0,0","0,0","0,0",11,0,3,3,0,0,1,0,0,0,0,1,1,0,2,"23,8","23,7","0,0","0,0","7,9","0,0","0,0","0,0","0,0","7,5","7,5","0,0","14,9",2,0,0,1,0,0,0,0,0,0,0,0,0,0,1,"0,0","15,4","0,0","0,0","0,0","0,0","0,0","0,0","0,0","0,0","0,0","0,0","14,7",9,0,3,2,0,0,1,0,0,0,0,1,1,0,1,"48,8","32,4","0,0","0,0","15,9","0,0","0,0","0,0","0,0","15,3","15,2","0,0","15,1"
314070 Mateus Leme,314070,Mateus Leme,103,24,49,28,2,24,23,0,0,0,0,1,0,0,0,0,0,0,0,0,"0,0","0,0","0,0","0,0","3,5","0,0","0,0","0,0","0,0","0,0","0,0","0,0","0,0",14,13,0,0,0,0,1,0,0,0,0,0,0,0,0,"0,0","0,0","0,0","0,0","7,1","0,0","0,0","0,0","0,0","0,0","0,0","0,0","0,0",10,10,0,0,0,0,0,0,0,0,0,0,0,0,0,"0,0","0,0","0,0","0,0","0,0","0,0","0,0","0,0","0,0","0,0","0,0","0,0","0,0",49,19,0,1,6,6,2,0,1,3,2,4,5,0,0,"0,0","3,7","21,5","21,3","7,0","0,0","3,4","10,0","6,6","13,1","16,2","0,0","0,0",14,6,0,0,2,2,1,0,0,1,0,0,2,0,0,"0,0","0,0","14,5","14,3","7,1","0,0","0,0","6,7","0,0","0,0","13,1","0,0","0,0",35,13,0,1,4,4,1,0,1,2,2,4,3,0,0,"0,0","7,3","28,5","28,2","7,0","0,0","6,7","13,3","13,1","26,0","19,3","0,0","0,0"
314110 Matozinhos,314110,Matozinhos,43,15,19,9,0,15,10,0,0,0,0,1,0,0,1,1,1,1,0,0,"0,0","0,0","0,0","0,0","2,9","0,0","0,0","2,7","2,7","2,7","2,7","0,0","0,0",9,6,0,0,0,0,0,0,0,1,1,0,1,0,0,"0,0","0,0","0,0","0,0","0,0","0,0","0,0","5,6","5,5","0,0","5,4","0,0","0,0",6,4,0,0,0,0,1,0,0,0,0,1,0,0,0,"0,0","0,0","0,0","0,0","5,7","0,0","0,0","0,0","0,0","5,3","0,0","0,0","0,0",19,7,0,0,3,2,0,4,0,2,1,0,0,0,0,"0,0","0,0","8,8","5,8","0,0","11,2","0,0","5,5","2,7","0,0","0,0","0,0","0,0",10,2,0,0,2,2,0,3,0,1,0,0,0,0,0,"0,0","0,0","11,9","11,8","0,0","17,0","0,0","5,6","0,0","0,0","0,0","0,0","0,0",9,5,0,0,1,0,0,1,0,1,1,0,0,0,0,"0,0","0,0","5,8","0,0","0,0","5,5","0,0","5,4","5,4","0,0","0,0","0,0","0,0"
314230 Moeda,314230,Moeda,15,3,8,4,0,3,3,0,0,0,0,0,0,0,0,0,0,0,0,0,"0,0","0,0","0,0","0,0","0,0","0,0","0,0","0,0","0,0","0,0","0,0","0,0","0,0",2,2,0,0,0,0,0,0,0,0,0,0,0,0,0,"0,0","0,0","0,0","0,0","0,0","0,0","0,0","0,0","0,0","0,0","0,0","0,0","0,0",1,1,0,0,0,0,0,0,0,0,0,0,0,0,0,"0,0","0,0","0,0","0,0","0,0","0,0","0,0","0,0","0,0","0,0","0,0","0,0","0,0",8,3,0,0,0,0,0,0,0,3,2,0,0,0,0,"0,0","0,0","0,0","0,0","0,0","0,0","0,0","61,8","41,0","0,0","0,0","0,0","0,0",1,1,0,0,0,0,0,0,0,0,0,0,0,0,0,"0,0","0,0","0,0","0,0","0,0","0,0","0,0","0,0","0,0","0,0","0,0","0,0","0,0",7,2,0,0,0,0,0,0,0,3,2,0,0,0,0,"0,0","0,0","0,0","0,0","0,0","0,0","0,0","124,0","82,5","0,0","0,0","0,0","0,0"
314240 Moema,314240,Moema,45,42,3,0,0,42,0,41,0,0,0,0,0,0,0,0,0,1,0,0,"585,9","0,0","0,0","0,0","0,0","0,0","0,0","0,0","0,0","0,0","13,4","0,0","0,0",26,0,26,0,0,0,0,0,0,0,0,0,0,0,0,"715,1","0,0","0,0","0,0","0,0","0,0","0,0","0,0","0,0","0,0","0,0","0,0","0,0",16,0,15,0,0,0,0,0,0,0,0,0,1,0,0,"446,2","0,0","0,0","0,0","0,0","0,0","0,0","0,0","0,0","0,0","27,0","0,0","0,0",3,0,0,0,0,0,0,0,2,1,0,0,0,0,0,"0,0","0,0","0,0","0,0","0,0","0,0","27,3","13,6","0,0","0,0","0,0","0,0","0,0",1,0,0,0,0,0,0,0,1,0,0,0,0,0,0,"0,0","0,0","0,0","0,0","0,0","0,0","27,0","0,0","0,0","0,0","0,0","0,0","0,0",2,0,0,0,0,0,0,0,1,1,0,0,0,0,0,"0,0","0,0","0,0","0,0","0,0","0,0","27,6","27,4","0,0","0,0","0,0","0,0","0,0"
314250 Monjolos,314250,Monjolos,1,0,1,0,0,0,0,0,0,0,0,0,0,0,0,0,0,0,0,0,"0,0","0,0","0,0","0,0","0,0","0,0","0,0","0,0","0,0","0,0","0,0","0,0","0,0",0,0,0,0,0,0,0,0,0,0,0,0,0,0,0,"0,0","0,0","0,0","0,0","0,0","0,0","0,0","0,0","0,0","0,0","0,0","0,0","0,0",0,0,0,0,0,0,0,0,0,0,0,0,0,0,0,"0,0","0,0","0,0","0,0","0,0","0,0","0,0","0,0","0,0","0,0","0,0","0,0","0,0",1,1,0,0,0,0,0,0,0,0,0,0,0,0,0,"0,0","0,0","0,0","0,0","0,0","0,0","0,0","0,0","0,0","0,0","0,0","0,0","0,0",0,0,0,0,0,0,0,0,0,0,0,0,0,0,0,"0,0","0,0","0,0","0,0","0,0","0,0","0,0","0,0","0,0","0,0","0,0","0,0","0,0",1,1,0,0,0,0,0,0,0,0,0,0,0,0,0,"0,0","0,0","0,0","0,0","0,0","0,0","0,0","0,0","0,0","0,0","0,0","0,0","0,0"
314350 Morada Nova de Minas,314350,Morada Nova de Minas,6,1,4,1,0,1,1,0,0,0,0,0,0,0,0,0,0,0,0,0,"0,0","0,0","0,0","0,0","0,0","0,0","0,0","0,0","0,0","0,0","0,0","0,0","0,0",1,1,0,0,0,0,0,0,0,0,0,0,0,0,0,"0,0","0,0","0,0","0,0","0,0","0,0","0,0","0,0","0,0","0,0","0,0","0,0","0,0",0,0,0,0,0,0,0,0,0,0,0,0,0,0,0,"0,0","0,0","0,0","0,0","0,0","0,0","0,0","0,0","0,0","0,0","0,0","0,0","0,0",4,0,1,0,0,0,0,0,1,1,0,0,1,0,0,"11,6","0,0","0,0","0,0","0,0","0,0","11,6","11,5","0,0","0,0","11,3","0,0","0,0",3,0,1,0,0,0,0,0,0,1,0,0,1,0,0,"22,6","0,0","0,0","0,0","0,0","0,0","0,0","22,7","0,0","0,0","22,3","0,0","0,0",1,0,0,0,0,0,0,0,1,0,0,0,0,0,0,"0,0","0,0","0,0","0,0","0,0","0,0","23,7","0,0","0,0","0,0","0,0","0,0","0,0"
314360 Morro da Garça,314360,Morro da Garça,0,0,0,0,0,0,0,0,0,0,0,0,0,0,0,0,0,0,0,0,"0,0","0,0","0,0","0,0","0,0","0,0","0,0","0,0","0,0","0,0","0,0","0,0","0,0",0,0,0,0,0,0,0,0,0,0,0,0,0,0,0,"0,0","0,0","0,0","0,0","0,0","0,0","0,0","0,0","0,0","0,0","0,0","0,0","0,0",0,0,0,0,0,0,0,0,0,0,0,0,0,0,0,"0,0","0,0","0,0","0,0","0,0","0,0","0,0","0,0","0,0","0,0","0,0","0,0","0,0",0,0,0,0,0,0,0,0,0,0,0,0,0,0,0,"0,0","0,0","0,0","0,0","0,0","0,0","0,0","0,0","0,0","0,0","0,0","0,0","0,0",0,0,0,0,0,0,0,0,0,0,0,0,0,0,0,"0,0","0,0","0,0","0,0","0,0","0,0","0,0","0,0","0,0","0,0","0,0","0,0","0,0",0,0,0,0,0,0,0,0,0,0,0,0,0,0,0,"0,0","0,0","0,0","0,0","0,0","0,0","0,0","0,0","0,0","0,0","0,0","0,0","0,0"
314480 Nova Lima,314480,Nova Lima,168,22,72,74,0,22,13,2,1,0,0,0,2,0,1,0,2,1,0,0,"2,6","1,3","0,0","0,0","0,0","2,3","0,0","1,1","0,0","2,2","1,1","0,0","0,0",13,7,1,0,0,0,0,1,0,1,0,2,1,0,0,"2,7","0,0","0,0","0,0","0,0","2,4","0,0","2,3","0,0","4,5","2,2","0,0","0,0",9,6,1,1,0,0,0,1,0,0,0,0,0,0,0,"2,6","2,5","0,0","0,0","0,0","2,2","0,0","0,0","0,0","0,0","0,0","0,0","0,0",72,12,3,3,2,0,2,10,4,8,9,7,8,4,0,"4,0","3,9","2,5","0,0","2,4","11,5","4,5","8,9","9,9","7,6","8,5","4,2","0,0",38,6,2,0,2,0,2,6,2,7,2,4,3,2,0,"5,4","0,0","5,1","0,0","5,0","14,3","4,7","16,2","4,6","9,0","6,7","4,4","0,0",34,6,1,3,0,0,0,4,2,1,7,3,5,2,0,"2,6","7,6","0,0","0,0","0,0","8,9","4,4","2,2","14,9","6,3","10,3","4,1","0,0"
314520 Nova Serrana,314520,Nova Serrana,146,28,86,32,0,28,18,0,3,0,1,0,2,2,0,1,1,0,0,0,"0,0","4,4","0,0","1,3","0,0","2,4","2,3","0,0","1,1","1,0","0,0","0,0","0,0",11,8,0,2,0,0,0,0,0,0,1,0,0,0,0,"0,0","5,8","0,0","0,0","0,0","0,0","0,0","0,0","2,0","0,0","0,0","0,0","0,0",17,10,0,1,0,1,0,2,2,0,0,1,0,0,0,"0,0","3,0","0,0","2,7","0,0","4,9","4,7","0,0","0,0","2,2","0,0","0,0","0,0",86,30,7,12,5,2,3,4,4,2,2,5,3,6,1,"10,7","17,7","6,8","2,6","3,8","4,7","4,6","2,2","2,1","5,2","3,0","5,8","0,9",47,20,6,5,2,2,1,1,1,0,0,3,2,4,0,"18,0","14,4","5,3","5,1","2,4","2,3","2,2","0,0","0,0","5,9","3,8","7,5","0,0",39,10,1,7,3,0,2,3,3,2,2,2,1,2,1,"3,1","21,0","8,4","0,0","5,2","7,4","7,1","4,6","4,4","4,3","2,1","4,1","2,0"
314580 Onça de Pitangui,314580,Onça de Pitangui,3,3,0,0,0,3,1,0,0,0,0,0,1,0,0,0,1,0,0,0,"0,0","0,0","0,0","0,0","0,0","32,0","0,0","0,0","0,0","31,8","0,0","0,0","0,0",3,1,0,0,0,0,0,1,0,0,0,1,0,0,0,"0,0","0,0","0,0","0,0","0,0","62,9","0,0","0,0","0,0","62,9","0,0","0,0","0,0",0,0,0,0,0,0,0,0,0,0,0,0,0,0,0,"0,0","0,0","0,0","0,0","0,0","0,0","0,0","0,0","0,0","0,0","0,0","0,0","0,0",0,0,0,0,0,0,0,0,0,0,0,0,0,0,0,"0,0","0,0","0,0","0,0","0,0","0,0","0,0","0,0","0,0","0,0","0,0","0,0","0,0",0,0,0,0,0,0,0,0,0,0,0,0,0,0,0,"0,0","0,0","0,0","0,0","0,0","0,0","0,0","0,0","0,0","0,0","0,0","0,0","0,0",0,0,0,0,0,0,0,0,0,0,0,0,0,0,0,"0,0","0,0","0,0","0,0","0,0","0,0","0,0","0,0","0,0","0,0","0,0","0,0","0,0"
314610 Ouro Preto,314610,Ouro Preto,99,20,23,56,0,20,12,0,0,1,3,0,0,0,0,0,2,0,1,1,"0,0","0,0","1,4","4,2","0,0","0,0","0,0","0,0","0,0","2,7","0,0","1,3","1,3",9,5,0,0,0,2,0,0,0,0,0,1,0,1,0,"0,0","0,0","0,0","5,8","0,0","0,0","0,0","0,0","0,0","2,8","0,0","2,8","0,0",11,7,0,0,1,1,0,0,0,0,0,1,0,0,1,"0,0","0,0","2,8","2,8","0,0","0,0","0,0","0,0","0,0","2,6","0,0","0,0","2,6",23,5,0,0,0,0,1,5,2,1,2,1,2,1,3,"0,0","0,0","0,0","0,0","1,4","6,9","2,7","1,4","2,7","1,4","2,7","1,3","4,0",19,5,0,0,0,0,1,4,2,1,1,1,1,1,2,"0,0","0,0","0,0","0,0","2,9","11,3","5,6","2,8","2,8","2,8","2,8","2,8","5,5",4,0,0,0,0,0,0,1,0,0,1,0,1,0,1,"0,0","0,0","0,0","0,0","0,0","2,7","0,0","0,0","2,7","0,0","2,6","0,0","2,6"
314640 Paineiras,314640,Paineiras,0,0,0,0,0,0,0,0,0,0,0,0,0,0,0,0,0,0,0,0,"0,0","0,0","0,0","0,0","0,0","0,0","0,0","0,0","0,0","0,0","0,0","0,0","0,0",0,0,0,0,0,0,0,0,0,0,0,0,0,0,0,"0,0","0,0","0,0","0,0","0,0","0,0","0,0","0,0","0,0","0,0","0,0","0,0","0,0",0,0,0,0,0,0,0,0,0,0,0,0,0,0,0,"0,0","0,0","0,0","0,0","0,0","0,0","0,0","0,0","0,0","0,0","0,0","0,0","0,0",0,0,0,0,0,0,0,0,0,0,0,0,0,0,0,"0,0","0,0","0,0","0,0","0,0","0,0","0,0","0,0","0,0","0,0","0,0","0,0","0,0",0,0,0,0,0,0,0,0,0,0,0,0,0,0,0,"0,0","0,0","0,0","0,0","0,0","0,0","0,0","0,0","0,0","0,0","0,0","0,0","0,0",0,0,0,0,0,0,0,0,0,0,0,0,0,0,0,"0,0","0,0","0,0","0,0","0,0","0,0","0,0","0,0","0,0","0,0","0,0","0,0","0,0"
314690 Papagaios,314690,Papagaios,25,15,8,2,0,15,13,0,0,0,0,0,0,0,0,0,0,2,0,0,"0,0","0,0","0,0","0,0","0,0","0,0","0,0","0,0","0,0","0,0","12,9","0,0","0,0",10,9,0,0,0,0,0,0,0,0,0,0,1,0,0,"0,0","0,0","0,0","0,0","0,0","0,0","0,0","0,0","0,0","0,0","12,6","0,0","0,0",5,4,0,0,0,0,0,0,0,0,0,0,1,0,0,"0,0","0,0","0,0","0,0","0,0","0,0","0,0","0,0","0,0","0,0","13,1","0,0","0,0",8,0,2,0,0,0,1,0,1,1,0,1,2,0,0,"13,2","0,0","0,0","0,0","6,9","0,0","6,7","6,6","0,0","6,5","12,9","0,0","0,0",5,0,2,0,0,0,1,0,0,1,0,1,0,0,0,"26,8","0,0","0,0","0,0","13,6","0,0","0,0","12,9","0,0","12,7","0,0","0,0","0,0",3,0,0,0,0,0,0,0,1,0,0,0,2,0,0,"0,0","0,0","0,0","0,0","0,0","0,0","13,6","0,0","0,0","0,0","26,3","0,0","0,0"
314710 Pará de Minas,314710,Pará de Minas,145,47,54,44,0,47,43,0,1,0,0,1,0,0,0,0,0,1,1,0,"0,0","1,2","0,0","0,0","1,2","0,0","0,0","0,0","0,0","0,0","1,1","1,1","0,0",30,28,0,1,0,0,0,0,0,0,0,0,1,0,0,"0,0","2,4","0,0","0,0","0,0","0,0","0,0","0,0","0,0","0,0","2,2","0,0","0,0",17,15,0,0,0,0,1,0,0,0,0,0,0,1,0,"0,0","0,0","0,0","0,0","2,3","0,0","0,0","0,0","0,0","0,0","0,0","2,1","0,0",54,14,3,7,6,3,0,1,2,3,4,0,1,6,4,"3,6","8,3","7,1","3,5","0,0","1,1","2,2","3,3","4,4","0,0","1,1","6,4","4,2",26,8,1,3,2,1,0,1,1,2,2,0,0,3,2,"2,5","7,3","4,8","2,4","0,0","2,3","2,3","4,5","4,4","0,0","0,0","6,4","4,2",28,6,2,4,4,2,0,0,1,1,2,0,1,3,2,"4,7","9,3","9,4","4,6","0,0","0,0","2,2","2,2","4,4","0,0","2,1","6,4","4,2"
314740 Paraopeba,314740,Paraopeba,46,12,20,12,2,12,6,2,0,0,0,0,1,0,0,0,0,1,2,0,"8,6","0,0","0,0","0,0","0,0","4,3","0,0","0,0","0,0","0,0","4,1","8,1","0,0",9,4,2,0,0,0,0,0,0,0,0,0,1,2,0,"17,5","0,0","0,0","0,0","0,0","0,0","0,0","0,0","0,0","0,0","8,3","16,5","0,0",3,2,0,0,0,0,0,1,0,0,0,0,0,0,0,"0,0","0,0","0,0","0,0","0,0","8,4","0,0","0,0","0,0","0,0","0,0","0,0","0,0",20,5,5,2,2,0,0,2,1,0,0,0,1,1,1,"21,6","8,5","8,9","0,0","0,0","8,5","4,2","0,0","0,0","0,0","4,1","4,1","4,0",10,4,4,0,1,0,0,0,0,0,0,0,0,0,1,"35,1","0,0","9,0","0,0","0,0","0,0","0,0","0,0","0,0","0,0","0,0","0,0","8,2",10,1,1,2,1,0,0,2,1,0,0,0,1,1,0,"8,5","16,9","8,7","0,0","0,0","16,8","8,3","0,0","0,0","0,0","8,1","8,0","0,0"
314930 Pedro Leopoldo,314930,Pedro Leopoldo,93,18,56,19,0,18,11,5,1,0,0,0,0,0,0,0,1,0,0,0,"8,5","1,7","0,0","0,0","0,0","0,0","0,0","0,0","0,0","1,6","0,0","0,0","0,0",6,4,1,1,0,0,0,0,0,0,0,0,0,0,0,"3,5","3,4","0,0","0,0","0,0","0,0","0,0","0,0","0,0","0,0","0,0","0,0","0,0",12,7,4,0,0,0,0,0,0,0,0,1,0,0,0,"13,4","0,0","0,0","0,0","0,0","0,0","0,0","0,0","0,0","3,1","0,0","0,0","0,0",56,20,6,7,0,5,0,0,5,3,3,1,2,2,2,"10,2","11,9","0,0","8,4","0,0","0,0","8,1","4,8","4,8","1,6","3,1","3,1","3,1",31,9,4,4,0,2,0,0,3,3,0,1,2,1,2,"13,9","13,8","0,0","6,9","0,0","0,0","9,9","9,8","0,0","3,2","6,4","3,2","6,3",25,11,2,3,0,3,0,0,2,0,3,0,0,1,0,"6,7","10,0","0,0","9,9","0,0","0,0","6,3","0,0","9,3","0,0","0,0","3,0","0,0"
314960 Pequi,314960,Pequi,5,2,2,1,0,2,2,0,0,0,0,0,0,0,0,0,0,0,0,0,"0,0","0,0","0,0","0,0","0,0","0,0","0,0","0,0","0,0","0,0","0,0","0,0","0,0",2,2,0,0,0,0,0,0,0,0,0,0,0,0,0,"0,0","0,0","0,0","0,0","0,0","0,0","0,0","0,0","0,0","0,0","0,0","0,0","0,0",0,0,0,0,0,0,0,0,0,0,0,0,0,0,0,"0,0","0,0","0,0","0,0","0,0","0,0","0,0","0,0","0,0","0,0","0,0","0,0","0,0",2,2,0,0,0,0,0,0,0,0,0,0,0,0,0,"0,0","0,0","0,0","0,0","0,0","0,0","0,0","0,0","0,0","0,0","0,0","0,0","0,0",0,0,0,0,0,0,0,0,0,0,0,0,0,0,0,"0,0","0,0","0,0","0,0","0,0","0,0","0,0","0,0","0,0","0,0","0,0","0,0","0,0",2,2,0,0,0,0,0,0,0,0,0,0,0,0,0,"0,0","0,0","0,0","0,0","0,0","0,0","0,0","0,0","0,0","0,0","0,0","0,0","0,0"
315040 Piedade dos Gerais,315040,Piedade dos Gerais,2,0,0,2,0,0,0,0,0,0,0,0,0,0,0,0,0,0,0,0,"0,0","0,0","0,0","0,0","0,0","0,0","0,0","0,0","0,0","0,0","0,0","0,0","0,0",0,0,0,0,0,0,0,0,0,0,0,0,0,0,0,"0,0","0,0","0,0","0,0","0,0","0,0","0,0","0,0","0,0","0,0","0,0","0,0","0,0",0,0,0,0,0,0,0,0,0,0,0,0,0,0,0,"0,0","0,0","0,0","0,0","0,0","0,0","0,0","0,0","0,0","0,0","0,0","0,0","0,0",0,0,0,0,0,0,0,0,0,0,0,0,0,0,0,"0,0","0,0","0,0","0,0","0,0","0,0","0,0","0,0","0,0","0,0","0,0","0,0","0,0",0,0,0,0,0,0,0,0,0,0,0,0,0,0,0,"0,0","0,0","0,0","0,0","0,0","0,0","0,0","0,0","0,0","0,0","0,0","0,0","0,0",0,0,0,0,0,0,0,0,0,0,0,0,0,0,0,"0,0","0,0","0,0","0,0","0,0","0,0","0,0","0,0","0,0","0,0","0,0","0,0","0,0"
315140 Pitangui,315140,Pitangui,83,54,22,7,0,54,48,5,0,0,1,0,0,0,0,0,0,0,0,0,"19,4","0,0","0,0","3,9","0,0","0,0","0,0","0,0","0,0","0,0","0,0","0,0","0,0",21,19,2,0,0,0,0,0,0,0,0,0,0,0,0,"15,8","0,0","0,0","0,0","0,0","0,0","0,0","0,0","0,0","0,0","0,0","0,0","0,0",33,29,3,0,0,1,0,0,0,0,0,0,0,0,0,"22,9","0,0","0,0","7,8","0,0","0,0","0,0","0,0","0,0","0,0","0,0","0,0","0,0",22,8,1,4,0,3,0,0,0,0,1,2,1,1,1,"3,9","15,4","0,0","11,7","0,0","0,0","0,0","0,0","3,7","7,3","3,6","3,6","3,5",14,6,1,2,0,1,0,0,0,0,1,2,1,0,0,"7,9","15,6","0,0","7,9","0,0","0,0","0,0","0,0","7,4","14,6","7,2","0,0","0,0",8,2,0,2,0,2,0,0,0,0,0,0,0,1,1,"0,0","15,1","0,0","15,5","0,0","0,0","0,0","0,0","0,0","0,0","0,0","7,1","7,1"
315200 Pompéu,315200,Pompéu,62,28,17,17,0,28,1,7,18,2,0,0,0,0,0,0,0,0,0,0,"23,7","60,1","6,9","0,0","0,0","0,0","0,0","0,0","0,0","0,0","0,0","0,0","0,0",18,1,4,11,2,0,0,0,0,0,0,0,0,0,0,"26,5","71,9","13,7","0,0","0,0","0,0","0,0","0,0","0,0","0,0","0,0","0,0","0,0",10,0,3,7,0,0,0,0,0,0,0,0,0,0,0,"20,7","47,8","0,0","0,0","0,0","0,0","0,0","0,0","0,0","0,0","0,0","0,0","0,0",17,1,1,0,0,2,1,1,1,2,3,0,1,4,0,"3,4","0,0","0,0","6,8","3,4","3,3","3,3","6,5","9,6","0,0","3,2","12,6","0,0",10,1,0,0,0,2,1,1,1,2,1,0,0,1,0,"0,0","0,0","0,0","13,6","6,7","6,5","6,5","12,9","6,4","0,0","0,0","6,3","0,0",7,0,1,0,0,0,0,0,0,0,2,0,1,3,0,"6,9","0,0","0,0","0,0","0,0","0,0","0,0","0,0","12,9","0,0","6,4","19,0","0,0"
315320 Presidente Juscelino,315320,Presidente Juscelino,1,0,1,0,0,0,0,0,0,0,0,0,0,0,0,0,0,0,0,0,"0,0","0,0","0,0","0,0","0,0","0,0","0,0","0,0","0,0","0,0","0,0","0,0","0,0",0,0,0,0,0,0,0,0,0,0,0,0,0,0,0,"0,0","0,0","0,0","0,0","0,0","0,0","0,0","0,0","0,0","0,0","0,0","0,0","0,0",0,0,0,0,0,0,0,0,0,0,0,0,0,0,0,"0,0","0,0","0,0","0,0","0,0","0,0","0,0","0,0","0,0","0,0","0,0","0,0","0,0",1,0,0,0,0,1,0,0,0,0,0,0,0,0,0,"0,0","0,0","0,0","25,8","0,0","0,0","0,0","0,0","0,0","0,0","0,0","0,0","0,0",1,0,0,0,0,1,0,0,0,0,0,0,0,0,0,"0,0","0,0","0,0","50,4","0,0","0,0","0,0","0,0","0,0","0,0","0,0","0,0","0,0",0,0,0,0,0,0,0,0,0,0,0,0,0,0,0,"0,0","0,0","0,0","0,0","0,0","0,0","0,0","0,0","0,0","0,0","0,0","0,0","0,0"
315360 Prudente de Morais,315360,Prudente de Morais,7,0,5,2,0,0,0,0,0,0,0,0,0,0,0,0,0,0,0,0,"0,0","0,0","0,0","0,0","0,0","0,0","0,0","0,0","0,0","0,0","0,0","0,0","0,0",0,0,0,0,0,0,0,0,0,0,0,0,0,0,0,"0,0","0,0","0,0","0,0","0,0","0,0","0,0","0,0","0,0","0,0","0,0","0,0","0,0",0,0,0,0,0,0,0,0,0,0,0,0,0,0,0,"0,0","0,0","0,0","0,0","0,0","0,0","0,0","0,0","0,0","0,0","0,0","0,0","0,0",5,2,0,1,2,0,0,0,0,0,0,0,0,0,0,"0,0","10,7","20,9","0,0","0,0","0,0","0,0","0,0","0,0","0,0","0,0","0,0","0,0",2,0,0,1,1,0,0,0,0,0,0,0,0,0,0,"0,0","21,9","21,1","0,0","0,0","0,0","0,0","0,0","0,0","0,0","0,0","0,0","0,0",3,2,0,0,1,0,0,0,0,0,0,0,0,0,0,"0,0","0,0","20,7","0,0","0,0","0,0","0,0","0,0","0,0","0,0","0,0","0,0","0,0"
315370 Quartel Geral,315370,Quartel Geral,14,13,1,0,0,13,13,0,0,0,0,0,0,0,0,0,0,0,0,0,"0,0","0,0","0,0","0,0","0,0","0,0","0,0","0,0","0,0","0,0","0,0","0,0","0,0",5,5,0,0,0,0,0,0,0,0,0,0,0,0,0,"0,0","0,0","0,0","0,0","0,0","0,0","0,0","0,0","0,0","0,0","0,0","0,0","0,0",8,8,0,0,0,0,0,0,0,0,0,0,0,0,0,"0,0","0,0","0,0","0,0","0,0","0,0","0,0","0,0","0,0","0,0","0,0","0,0","0,0",1,0,0,0,0,0,0,0,1,0,0,0,0,0,0,"0,0","0,0","0,0","0,0","0,0","0,0","28,9","0,0","0,0","0,0","0,0","0,0","0,0",0,0,0,0,0,0,0,0,0,0,0,0,0,0,0,"0,0","0,0","0,0","0,0","0,0","0,0","0,0","0,0","0,0","0,0","0,0","0,0","0,0",1,0,0,0,0,0,0,0,1,0,0,0,0,0,0,"0,0","0,0","0,0","0,0","0,0","0,0","59,4","0,0","0,0","0,0","0,0","0,0","0,0"
315390 Raposos,315390,Raposos,26,3,13,10,0,3,0,0,0,1,0,0,1,0,0,0,0,0,1,0,"0,0","0,0","6,5","0,0","0,0","6,3","0,0","0,0","0,0","0,0","0,0","6,1","0,0",2,0,0,0,0,0,0,1,0,0,0,0,0,1,0,"0,0","0,0","0,0","0,0","0,0","13,1","0,0","0,0","0,0","0,0","0,0","12,8","0,0",1,0,0,0,1,0,0,0,0,0,0,0,0,0,0,"0,0","0,0","12,6","0,0","0,0","0,0","0,0","0,0","0,0","0,0","0,0","0,0","0,0",13,2,0,0,1,0,0,2,0,3,1,0,1,2,1,"0,0","0,0","6,5","0,0","0,0","12,6","0,0","18,7","6,2","0,0","6,1","12,2","6,1",5,0,0,0,1,0,0,1,0,1,0,0,1,0,1,"0,0","0,0","13,5","0,0","0,0","13,1","0,0","13,0","0,0","0,0","12,8","0,0","12,7",8,2,0,0,0,0,0,1,0,2,1,0,0,2,0,"0,0","0,0","0,0","0,0","0,0","12,1","0,0","24,0","11,9","0,0","0,0","23,4","0,0"
315460 Ribeirão das Neves,315460,Ribeirão das Neves,544,52,289,201,2,52,28,11,1,1,2,0,1,2,3,1,1,1,0,0,"3,2","0,3","0,3","0,7","0,0","0,3","0,6","0,9","0,3","0,3","0,3","0,0","0,0",25,16,5,0,1,0,0,0,1,2,0,0,0,0,0,"2,9","0,0","0,7","0,0","0,0","0,0","0,6","1,3","0,0","0,0","0,0","0,0","0,0",27,12,6,1,0,2,0,1,1,1,1,1,1,0,0,"3,5","0,6","0,0","1,3","0,0","0,6","0,6","0,6","0,6","0,6","0,6","0,0","0,0",289,69,17,27,11,19,15,27,21,23,17,12,16,12,3,"5,0","7,7","3,7","6,3","5,0","8,6","6,6","7,2","5,2","3,7","4,8","3,6","0,9",153,39,6,16,1,12,8,12,11,17,10,6,7,6,2,"3,5","9,1","0,7","8,1","5,3","7,7","7,0","10,7","6,2","3,7","4,3","3,6","1,2",136,30,11,11,10,7,7,15,10,6,7,6,9,6,1,"6,5","6,3","6,7","4,6","4,6","9,5","6,3","3,7","4,3","3,6","5,4","3,5","0,6"
315480 Rio Acima,315480,Rio Acima,7,0,3,4,0,0,0,0,0,0,0,0,0,0,0,0,0,0,0,0,"0,0","0,0","0,0","0,0","0,0","0,0","0,0","0,0","0,0","0,0","0,0","0,0","0,0",0,0,0,0,0,0,0,0,0,0,0,0,0,0,0,"0,0","0,0","0,0","0,0","0,0","0,0","0,0","0,0","0,0","0,0","0,0","0,0","0,0",0,0,0,0,0,0,0,0,0,0,0,0,0,0,0,"0,0","0,0","0,0","0,0","0,0","0,0","0,0","0,0","0,0","0,0","0,0","0,0","0,0",3,1,0,0,0,0,0,0,1,0,0,0,0,0,1,"0,0","0,0","0,0","0,0","0,0","0,0","10,3","0,0","0,0","0,0","0,0","0,0","9,6",3,1,0,0,0,0,0,0,1,0,0,0,0,0,1,"0,0","0,0","0,0","0,0","0,0","0,0","20,8","0,0","0,0","0,0","0,0","0,0","19,5",0,0,0,0,0,0,0,0,0,0,0,0,0,0,0,"0,0","0,0","0,0","0,0","0,0","0,0","0,0","0,0","0,0","0,0","0,0","0,0","0,0"
315530 Rio Manso,315530,Rio Manso,4,1,1,1,1,1,1,0,0,0,0,0,0,0,0,0,0,0,0,0,"0,0","0,0","0,0","0,0","0,0","0,0","0,0","0,0","0,0","0,0","0,0","0,0","0,0",1,1,0,0,0,0,0,0,0,0,0,0,0,0,0,"0,0","0,0","0,0","0,0","0,0","0,0","0,0","0,0","0,0","0,0","0,0","0,0","0,0",0,0,0,0,0,0,0,0,0,0,0,0,0,0,0,"0,0","0,0","0,0","0,0","0,0","0,0","0,0","0,0","0,0","0,0","0,0","0,0","0,0",1,1,0,0,0,0,0,0,0,0,0,0,0,0,0,"0,0","0,0","0,0","0,0","0,0","0,0","0,0","0,0","0,0","0,0","0,0","0,0","0,0",1,1,0,0,0,0,0,0,0,0,0,0,0,0,0,"0,0","0,0","0,0","0,0","0,0","0,0","0,0","0,0","0,0","0,0","0,0","0,0","0,0",0,0,0,0,0,0,0,0,0,0,0,0,0,0,0,"0,0","0,0","0,0","0,0","0,0","0,0","0,0","0,0","0,0","0,0","0,0","0,0","0,0"
315670 Sabará,315670,Sabará,295,54,127,114,0,54,33,13,1,0,1,0,0,2,3,1,0,0,0,0,"10,4","0,8","0,0","0,8","0,0","0,0","1,5","2,3","0,7","0,0","0,0","0,0","0,0",29,16,7,0,0,1,0,0,1,3,1,0,0,0,0,"11,5","0,0","0,0","1,6","0,0","0,0","1,6","4,7","1,6","0,0","0,0","0,0","0,0",25,17,6,1,0,0,0,0,1,0,0,0,0,0,0,"9,4","1,5","0,0","0,0","0,0","0,0","1,5","0,0","0,0","0,0","0,0","0,0","0,0",127,25,8,3,8,7,6,5,7,10,9,16,11,8,4,"6,4","2,4","6,3","5,5","4,7","3,8","5,3","7,5","6,7","11,9","8,1","5,9","2,9",78,19,4,2,6,3,2,3,6,8,6,6,4,6,3,"6,5","3,2","9,9","4,9","3,2","4,8","9,4","12,5","9,3","9,3","6,2","9,2","4,6",49,6,4,1,2,4,4,2,1,2,3,10,7,2,1,"6,2","1,5","3,1","6,1","6,0","2,9","1,5","2,9","4,3","14,3","9,9","2,8","1,4"
315720 Santa Bárbara,315720,Santa Bárbara,19,1,9,9,0,1,1,0,0,0,0,0,0,0,0,0,0,0,0,0,"0,0","0,0","0,0","0,0","0,0","0,0","0,0","0,0","0,0","0,0","0,0","0,0","0,0",1,1,0,0,0,0,0,0,0,0,0,0,0,0,0,"0,0","0,0","0,0","0,0","0,0","0,0","0,0","0,0","0,0","0,0","0,0","0,0","0,0",0,0,0,0,0,0,0,0,0,0,0,0,0,0,0,"0,0","0,0","0,0","0,0","0,0","0,0","0,0","0,0","0,0","0,0","0,0","0,0","0,0",9,7,0,0,0,0,0,1,1,0,0,0,0,0,0,"0,0","0,0","0,0","0,0","0,0","3,4","3,4","0,0","0,0","0,0","0,0","0,0","0,0",2,1,0,0,0,0,0,0,1,0,0,0,0,0,0,"0,0","0,0","0,0","0,0","0,0","0,0","6,9","0,0","0,0","0,0","0,0","0,0","0,0",7,6,0,0,0,0,0,1,0,0,0,0,0,0,0,"0,0","0,0","0,0","0,0","0,0","6,7","0,0","0,0","0,0","0,0","0,0","0,0","0,0"
315780 Santa Luzia,315780,Santa Luzia,506,90,259,155,2,90,31,6,4,5,12,9,11,6,4,0,0,1,1,0,"2,6","1,7","2,5","5,9","4,4","5,2","2,8","1,9","0,0","0,0","0,5","0,5","0,0",48,20,3,3,4,5,2,4,4,2,0,0,1,0,0,"2,7","2,7","4,1","5,0","2,0","3,9","3,9","1,9","0,0","0,0","0,9","0,0","0,0",42,11,3,1,1,7,7,7,2,2,0,0,0,1,0,"2,6","0,8","1,0","6,7","6,6","6,4","1,8","1,8","0,0","0,0","0,0","0,9","0,0",259,65,15,8,9,12,10,9,10,30,29,20,20,15,7,"6,6","3,5","4,4","5,9","4,9","4,3","4,7","14,0","13,5","9,2","9,2","6,8","3,2",146,41,7,5,4,7,7,4,6,20,15,8,9,6,7,"6,3","4,4","4,1","7,1","7,0","3,9","5,8","19,3","14,4","7,6","8,5","5,7","6,6",113,24,8,3,5,5,3,5,4,10,14,12,11,9,0,"6,9","2,5","4,8","4,8","2,8","4,6","3,6","9,1","12,6","10,7","9,7","7,9","0,0"
315850 Santana de Pirapama,315850,Santana de Pirapama,3,1,1,1,0,1,1,0,0,0,0,0,0,0,0,0,0,0,0,0,"0,0","0,0","0,0","0,0","0,0","0,0","0,0","0,0","0,0","0,0","0,0","0,0","0,0",1,1,0,0,0,0,0,0,0,0,0,0,0,0,0,"0,0","0,0","0,0","0,0","0,0","0,0","0,0","0,0","0,0","0,0","0,0","0,0","0,0",0,0,0,0,0,0,0,0,0,0,0,0,0,0,0,"0,0","0,0","0,0","0,0","0,0","0,0","0,0","0,0","0,0","0,0","0,0","0,0","0,0",1,0,0,0,0,0,0,0,0,1,0,0,0,0,0,"0,0","0,0","0,0","0,0","0,0","0,0","0,0","12,7","0,0","0,0","0,0","0,0","0,0",1,0,0,0,0,0,0,0,0,1,0,0,0,0,0,"0,0","0,0","0,0","0,0","0,0","0,0","0,0","24,8","0,0","0,0","0,0","0,0","0,0",0,0,0,0,0,0,0,0,0,0,0,0,0,0,0,"0,0","0,0","0,0","0,0","0,0","0,0","0,0","0,0","0,0","0,0","0,0","0,0","0,0"
315900 Santana do Riacho,315900,Santana do Riacho,7,1,6,0,0,1,0,1,0,0,0,0,0,0,0,0,0,0,0,0,"23,0","0,0","0,0","0,0","0,0","0,0","0,0","0,0","0,0","0,0","0,0","0,0","0,0",0,0,0,0,0,0,0,0,0,0,0,0,0,0,0,"0,0","0,0","0,0","0,0","0,0","0,0","0,0","0,0","0,0","0,0","0,0","0,0","0,0",1,0,1,0,0,0,0,0,0,0,0,0,0,0,0,"48,5","0,0","0,0","0,0","0,0","0,0","0,0","0,0","0,0","0,0","0,0","0,0","0,0",6,0,0,0,0,0,0,1,1,2,0,0,1,0,1,"0,0","0,0","0,0","0,0","0,0","24,0","23,9","47,5","0,0","0,0","23,4","0,0","23,2",4,0,0,0,0,0,0,1,0,2,0,0,0,0,1,"0,0","0,0","0,0","0,0","0,0","47,8","0,0","94,7","0,0","0,0","0,0","0,0","46,3",2,0,0,0,0,0,0,0,1,0,0,0,1,0,0,"0,0","0,0","0,0","0,0","0,0","0,0","47,9","0,0","0,0","0,0","46,9","0,0","0,0"
316040 Santo Antônio do Monte,316040,Santo Antônio do Monte,27,4,13,10,0,4,3,1,0,0,0,0,0,0,0,0,0,0,0,0,"3,9","0,0","0,0","0,0","0,0","0,0","0,0","0,0","0,0","0,0","0,0","0,0","0,0",4,3,1,0,0,0,0,0,0,0,0,0,0,0,0,"7,6","0,0","0,0","0,0","0,0","0,0","0,0","0,0","0,0","0,0","0,0","0,0","0,0",0,0,0,0,0,0,0,0,0,0,0,0,0,0,0,"0,0","0,0","0,0","0,0","0,0","0,0","0,0","0,0","0,0","0,0","0,0","0,0","0,0",13,1,0,0,0,0,1,3,2,3,0,1,0,2,0,"0,0","0,0","0,0","0,0","3,8","11,1","7,3","10,9","0,0","3,6","0,0","7,1","0,0",5,1,0,0,0,0,0,1,0,2,0,0,0,1,0,"0,0","0,0","0,0","0,0","0,0","7,3","0,0","14,3","0,0","0,0","0,0","6,9","0,0",8,0,0,0,0,0,1,2,2,1,0,1,0,1,0,"0,0","0,0","0,0","0,0","7,7","15,1","15,0","7,4","0,0","7,3","0,0","7,2","0,0"
316060 Santo Hipólito,316060,Santo Hipólito,0,0,0,0,0,0,0,0,0,0,0,0,0,0,0,0,0,0,0,0,"0,0","0,0","0,0","0,0","0,0","0,0","0,0","0,0","0,0","0,0","0,0","0,0","0,0",0,0,0,0,0,0,0,0,0,0,0,0,0,0,0,"0,0","0,0","0,0","0,0","0,0","0,0","0,0","0,0","0,0","0,0","0,0","0,0","0,0",0,0,0,0,0,0,0,0,0,0,0,0,0,0,0,"0,0","0,0","0,0","0,0","0,0","0,0","0,0","0,0","0,0","0,0","0,0","0,0","0,0",0,0,0,0,0,0,0,0,0,0,0,0,0,0,0,"0,0","0,0","0,0","0,0","0,0","0,0","0,0","0,0","0,0","0,0","0,0","0,0","0,0",0,0,0,0,0,0,0,0,0,0,0,0,0,0,0,"0,0","0,0","0,0","0,0","0,0","0,0","0,0","0,0","0,0","0,0","0,0","0,0","0,0",0,0,0,0,0,0,0,0,0,0,0,0,0,0,0,"0,0","0,0","0,0","0,0","0,0","0,0","0,0","0,0","0,0","0,0","0,0","0,0","0,0"
316170 São Gonçalo do Abaeté,316170,São Gonçalo do Abaeté,32,32,0,0,0,32,31,0,0,0,0,0,0,0,1,0,0,0,0,0,"0,0","0,0","0,0","0,0","0,0","0,0","0,0","14,9","0,0","0,0","0,0","0,0","0,0",11,11,0,0,0,0,0,0,0,0,0,0,0,0,0,"0,0","0,0","0,0","0,0","0,0","0,0","0,0","0,0","0,0","0,0","0,0","0,0","0,0",21,20,0,0,0,0,0,0,0,1,0,0,0,0,0,"0,0","0,0","0,0","0,0","0,0","0,0","0,0","30,8","0,0","0,0","0,0","0,0","0,0",0,0,0,0,0,0,0,0,0,0,0,0,0,0,0,"0,0","0,0","0,0","0,0","0,0","0,0","0,0","0,0","0,0","0,0","0,0","0,0","0,0",0,0,0,0,0,0,0,0,0,0,0,0,0,0,0,"0,0","0,0","0,0","0,0","0,0","0,0","0,0","0,0","0,0","0,0","0,0","0,0","0,0",0,0,0,0,0,0,0,0,0,0,0,0,0,0,0,"0,0","0,0","0,0","0,0","0,0","0,0","0,0","0,0","0,0","0,0","0,0","0,0","0,0"
316180 São Gonçalo do Pará,316180,São Gonçalo do Pará,6,1,3,2,0,1,1,0,0,0,0,0,0,0,0,0,0,0,0,0,"0,0","0,0","0,0","0,0","0,0","0,0","0,0","0,0","0,0","0,0","0,0","0,0","0,0",0,0,0,0,0,0,0,0,0,0,0,0,0,0,0,"0,0","0,0","0,0","0,0","0,0","0,0","0,0","0,0","0,0","0,0","0,0","0,0","0,0",1,1,0,0,0,0,0,0,0,0,0,0,0,0,0,"0,0","0,0","0,0","0,0","0,0","0,0","0,0","0,0","0,0","0,0","0,0","0,0","0,0",3,0,0,0,1,1,0,0,0,0,0,0,1,0,0,"0,0","0,0","9,6","9,4","0,0","0,0","0,0","0,0","0,0","0,0","8,2","0,0","0,0",1,0,0,0,1,0,0,0,0,0,0,0,0,0,0,"0,0","0,0","19,1","0,0","0,0","0,0","0,0","0,0","0,0","0,0","0,0","0,0","0,0",2,0,0,0,0,1,0,0,0,0,0,0,1,0,0,"0,0","0,0","0,0","19,0","0,0","0,0","0,0","0,0","0,0","0,0","16,8","0,0","0,0"
316210 São Gotardo,316210,São Gotardo,191,178,7,6,0,178,107,4,0,0,0,34,28,5,0,0,0,0,0,0,"12,4","0,0","0,0","0,0","104,8","83,7","14,8","0,0","0,0","0,0","0,0","0,0","0,0",92,54,3,0,0,0,19,13,3,0,0,0,0,0,0,"17,9","0,0","0,0","0,0","115,7","77,0","17,6","0,0","0,0","0,0","0,0","0,0","0,0",86,53,1,0,0,0,15,15,2,0,0,0,0,0,0,"6,5","0,0","0,0","0,0","93,5","90,5","11,9","0,0","0,0","0,0","0,0","0,0","0,0",7,1,1,0,0,0,1,1,0,0,1,1,1,0,0,"3,1","0,0","0,0","0,0","3,1","3,0","0,0","0,0","2,9","2,9","2,8","0,0","0,0",3,1,0,0,0,0,0,1,0,0,0,1,0,0,0,"0,0","0,0","0,0","0,0","0,0","5,9","0,0","0,0","0,0","5,7","0,0","0,0","0,0",4,0,1,0,0,0,1,0,0,0,1,0,1,0,0,"6,5","0,0","0,0","0,0","6,2","0,0","0,0","0,0","5,8","0,0","5,7","0,0","0,0"
316292 São Joaquim de Bicas,316292,São Joaquim de Bicas,60,10,24,26,0,10,8,0,1,0,0,0,0,0,0,0,0,0,1,0,"0,0","4,2","0,0","0,0","0,0","0,0","0,0","0,0","0,0","0,0","0,0","3,2","0,0",6,4,0,1,0,0,0,0,0,0,0,0,0,1,0,"0,0","8,4","0,0","0,0","0,0","0,0","0,0","0,0","0,0","0,0","0,0","5,6","0,0",4,4,0,0,0,0,0,0,0,0,0,0,0,0,0,"0,0","0,0","0,0","0,0","0,0","0,0","0,0","0,0","0,0","0,0","0,0","0,0","0,0",24,3,1,4,4,1,1,0,2,0,0,2,1,5,0,"4,3","16,7","15,7","3,8","3,8","0,0","7,0","0,0","0,0","6,6","3,2","15,8","0,0",15,1,1,4,3,1,1,0,0,0,0,2,1,1,0,"8,5","33,4","21,8","7,1","7,0","0,0","0,0","0,0","0,0","11,8","5,7","5,6","0,0",9,2,0,0,1,0,0,0,2,0,0,0,0,4,0,"0,0","0,0","8,5","0,0","0,0","0,0","15,6","0,0","0,0","0,0","0,0","29,1","0,0"
316295 São José da Lapa,316295,São José da Lapa,24,4,9,11,0,4,3,0,0,0,0,0,0,0,0,0,1,0,0,0,"0,0","0,0","0,0","0,0","0,0","0,0","0,0","0,0","0,0","4,3","0,0","0,0","0,0",2,1,0,0,0,0,0,0,0,0,0,1,0,0,0,"0,0","0,0","0,0","0,0","0,0","0,0","0,0","0,0","0,0","8,8","0,0","0,0","0,0",2,2,0,0,0,0,0,0,0,0,0,0,0,0,0,"0,0","0,0","0,0","0,0","0,0","0,0","0,0","0,0","0,0","0,0","0,0","0,0","0,0",9,3,2,0,1,1,0,0,0,1,0,0,1,0,0,"10,6","0,0","5,1","5,0","0,0","0,0","0,0","4,5","0,0","0,0","4,3","0,0","0,0",6,3,2,0,0,1,0,0,0,0,0,0,0,0,0,"21,4","0,0","0,0","10,0","0,0","0,0","0,0","0,0","0,0","0,0","0,0","0,0","0,0",3,0,0,0,1,0,0,0,0,1,0,0,1,0,0,"0,0","0,0","10,0","0,0","0,0","0,0","0,0","8,9","0,0","0,0","8,5","0,0","0,0"
316310 São José da Varginha,316310,São José da Varginha,4,2,0,2,0,2,1,0,0,0,0,0,1,0,0,0,0,0,0,0,"0,0","0,0","0,0","0,0","0,0","22,1","0,0","0,0","0,0","0,0","0,0","0,0","0,0",1,0,0,0,0,0,0,1,0,0,0,0,0,0,0,"0,0","0,0","0,0","0,0","0,0","43,6","0,0","0,0","0,0","0,0","0,0","0,0","0,0",1,1,0,0,0,0,0,0,0,0,0,0,0,0,0,"0,0","0,0","0,0","0,0","0,0","0,0","0,0","0,0","0,0","0,0","0,0","0,0","0,0",0,0,0,0,0,0,0,0,0,0,0,0,0,0,0,"0,0","0,0","0,0","0,0","0,0","0,0","0,0","0,0","0,0","0,0","0,0","0,0","0,0",0,0,0,0,0,0,0,0,0,0,0,0,0,0,0,"0,0","0,0","0,0","0,0","0,0","0,0","0,0","0,0","0,0","0,0","0,0","0,0","0,0",0,0,0,0,0,0,0,0,0,0,0,0,0,0,0,"0,0","0,0","0,0","0,0","0,0","0,0","0,0","0,0","0,0","0,0","0,0","0,0","0,0"
316553 Sarzedo,316553,Sarzedo,50,3,25,22,0,3,0,0,0,2,0,1,0,0,0,0,0,0,0,0,"0,0","0,0","7,7","0,0","3,7","0,0","0,0","0,0","0,0","0,0","0,0","0,0","0,0",2,0,0,0,2,0,0,0,0,0,0,0,0,0,0,"0,0","0,0","15,5","0,0","0,0","0,0","0,0","0,0","0,0","0,0","0,0","0,0","0,0",1,0,0,0,0,0,1,0,0,0,0,0,0,0,0,"0,0","0,0","0,0","0,0","7,4","0,0","0,0","0,0","0,0","0,0","0,0","0,0","0,0",25,5,1,1,3,2,0,0,4,0,3,1,1,2,2,"4,0","3,9","11,6","7,6","0,0","0,0","13,7","0,0","9,8","3,2","3,1","6,1","6,0",13,3,1,1,2,0,0,0,1,0,3,1,1,0,0,"8,0","7,7","15,5","0,0","0,0","0,0","6,9","0,0","19,6","6,4","6,3","0,0","0,0",12,2,0,0,1,2,0,0,3,0,0,0,0,2,2,"0,0","0,0","7,7","15,1","0,0","0,0","20,5","0,0","0,0","0,0","0,0","12,2","11,9"
316660 Serra da Saudade,316660,Serra da Saudade,0,0,0,0,0,0,0,0,0,0,0,0,0,0,0,0,0,0,0,0,"0,0","0,0","0,0","0,0","0,0","0,0","0,0","0,0","0,0","0,0","0,0","0,0","0,0",0,0,0,0,0,0,0,0,0,0,0,0,0,0,0,"0,0","0,0","0,0","0,0","0,0","0,0","0,0","0,0","0,0","0,0","0,0","0,0","0,0",0,0,0,0,0,0,0,0,0,0,0,0,0,0,0,"0,0","0,0","0,0","0,0","0,0","0,0","0,0","0,0","0,0","0,0","0,0","0,0","0,0",0,0,0,0,0,0,0,0,0,0,0,0,0,0,0,"0,0","0,0","0,0","0,0","0,0","0,0","0,0","0,0","0,0","0,0","0,0","0,0","0,0",0,0,0,0,0,0,0,0,0,0,0,0,0,0,0,"0,0","0,0","0,0","0,0","0,0","0,0","0,0","0,0","0,0","0,0","0,0","0,0","0,0",0,0,0,0,0,0,0,0,0,0,0,0,0,0,0,"0,0","0,0","0,0","0,0","0,0","0,0","0,0","0,0","0,0","0,0","0,0","0,0","0,0"
316720 Sete Lagoas,316720,Sete Lagoas,198,58,57,83,0,58,32,11,0,0,2,3,0,3,0,1,2,3,1,0,"5,0","0,0","0,0","0,9","1,4","0,0","1,3","0,0","0,4","0,9","1,3","0,4","0,0",39,23,7,0,0,2,2,0,1,0,1,1,2,0,0,"6,5","0,0","0,0","1,9","1,9","0,0","0,9","0,0","0,9","0,9","1,7","0,0","0,0",19,9,4,0,0,0,1,0,2,0,0,1,1,1,0,"3,5","0,0","0,0","0,0","0,9","0,0","1,7","0,0","0,0","0,8","0,8","0,8","0,0",57,22,4,4,3,4,4,2,4,2,2,1,3,2,0,"1,8","1,8","1,4","1,8","1,8","0,9","1,8","0,9","0,9","0,4","1,3","0,8","0,0",32,13,2,2,2,1,2,1,3,1,1,1,2,1,0,"1,9","1,8","1,9","1,0","1,9","0,9","2,7","0,9","0,9","0,9","1,7","0,9","0,0",25,9,2,2,1,3,2,1,1,1,1,0,1,1,0,"1,8","1,7","0,9","2,7","1,8","0,9","0,9","0,8","0,8","0,0","0,8","0,8","0,0"
316890 Tiros,316890,Tiros,17,12,4,0,1,12,11,1,0,0,0,0,0,0,0,0,0,0,0,0,"13,1","0,0","0,0","0,0","0,0","0,0","0,0","0,0","0,0","0,0","0,0","0,0","0,0",6,5,1,0,0,0,0,0,0,0,0,0,0,0,0,"24,4","0,0","0,0","0,0","0,0","0,0","0,0","0,0","0,0","0,0","0,0","0,0","0,0",6,6,0,0,0,0,0,0,0,0,0,0,0,0,0,"0,0","0,0","0,0","0,0","0,0","0,0","0,0","0,0","0,0","0,0","0,0","0,0","0,0",4,1,0,1,0,0,1,0,0,0,0,1,0,0,0,"0,0","13,1","0,0","0,0","14,7","0,0","0,0","0,0","0,0","15,2","0,0","0,0","0,0",2,1,0,0,0,0,0,0,0,0,0,1,0,0,0,"0,0","0,0","0,0","0,0","0,0","0,0","0,0","0,0","0,0","29,9","0,0","0,0","0,0",2,0,0,1,0,0,1,0,0,0,0,0,0,0,0,"0,0","28,4","0,0","0,0","30,1","0,0","0,0","0,0","0,0","0,0","0,0","0,0","0,0"
317120 Vespasiano,317120,Vespasiano,221,27,116,75,3,27,13,0,0,4,1,0,0,3,1,1,0,0,4,0,"0,0","0,0","3,8","0,9","0,0","0,0","2,6","0,8","0,8","0,0","0,0","3,1","0,0",12,7,0,0,2,0,0,0,1,0,0,0,0,2,0,"0,0","0,0","3,9","0,0","0,0","0,0","1,8","0,0","0,0","0,0","0,0","3,2","0,0",15,6,0,0,2,1,0,0,2,1,1,0,0,2,0,"0,0","0,0","3,7","1,8","0,0","0,0","3,4","1,6","1,6","0,0","0,0","3,0","0,0",116,33,10,6,7,7,7,5,4,8,8,6,5,8,2,"10,0","5,9","6,7","6,6","6,4","4,4","3,4","6,7","6,6","4,9","4,0","6,3","1,5",56,16,3,3,2,6,4,1,3,4,3,3,3,4,1,"6,1","5,9","3,9","11,5","7,5","1,8","5,3","6,9","5,1","5,0","4,9","6,5","1,6",60,17,7,3,5,1,3,4,1,4,5,3,2,4,1,"14,0","5,9","9,3","1,8","5,4","6,9","1,7","6,6","8,0","4,7","3,1","6,1","1,5"
